0	0	1.999940491E-10
1	1E-06	1.999940491E-10
2	2E-06	1.999940491E-10
3	3E-06	1.999940491E-10
4	4E-06	1.999940491E-10
5	5E-06	1.999940491E-10
6	6E-06	1.999940491E-10
7	7E-06	1.999940491E-10
8	8E-06	1.999940491E-10
9	9E-06	1.999940491E-10
10	1E-05	1.999940491E-10
11	1.1E-05	1.999940491E-10
12	1.2E-05	1.999940491E-10
13	1.3E-05	1.999940491E-10
14	1.4E-05	1.999940491E-10
15	1.5E-05	1.999940491E-10
16	1.6E-05	1.999940491E-10
17	1.7E-05	1.999940491E-10
18	1.8E-05	1.999940491E-10
19	1.9E-05	1.999940491E-10
20	2E-05	1.999940491E-10
21	2.1E-05	1.798280136E-10
22	2.2E-05	1.638612163E-10
23	2.3E-05	1.590516469E-10
24	2.4E-05	1.546754114E-10
25	2.5E-05	1.516114456E-10
26	2.6E-05	1.489075946E-10
27	2.7E-05	1.468018762E-10
28	2.8E-05	1.447144765E-10
29	2.9E-05	1.427186147E-10
30	3E-05	1.409852096E-10
31	3.1E-05	1.397584132E-10
32	3.2E-05	1.385621201E-10
33	3.3E-05	1.371277952E-10
34	3.4E-05	1.359070911E-10
35	3.5E-05	1.349976658E-10
36	3.6E-05	1.340638295E-10
37	3.7E-05	1.330079241E-10
38	3.8E-05	1.321412146E-10
39	3.9E-05	1.31469835E-10
40	4E-05	1.304505393E-10
41	4.1E-05	1.297181113E-10
42	4.2E-05	1.290650364E-10
43	4.3E-05	1.282959988E-10
44	4.4E-05	1.27667335E-10
45	4.5E-05	1.269654243E-10
46	4.6E-05	1.262330102E-10
47	4.7E-05	1.257630389E-10
48	4.8E-05	1.252381393E-10
49	4.9E-05	1.244202658E-10
50	5E-05	1.238831537E-10
50	5E-05	1.162964725E-10
49	4.9E-05	1.155213286E-10
48	4.8E-05	1.160706462E-10
47	4.7E-05	1.166443747E-10
46	4.6E-05	1.173523778E-10
45	4.5E-05	1.183533549E-10
44	4.4E-05	1.19018656E-10
43	4.3E-05	1.196473198E-10
42	4.2E-05	1.202393601E-10
41	4.1E-05	1.205323202E-10
40	4E-05	1.211304668E-10
39	3.9E-05	1.219971624E-10
38	3.8E-05	1.225220758E-10
37	3.7E-05	1.23059174E-10
36	3.6E-05	1.234315011E-10
35	3.5E-05	1.241272918E-10
34	3.4E-05	1.24743757E-10
33	3.3E-05	1.251893034E-10
32	3.2E-05	1.259949645E-10
31	3.1E-05	1.266114297E-10
30	3E-05	1.27252292E-10
29	2.9E-05	1.281617173E-10
28	2.8E-05	1.289002377E-10
27	2.7E-05	1.298462865E-10
26	2.6E-05	1.309144043E-10
25	2.5E-05	1.320496629E-10
24	2.4E-05	1.331299931E-10
23	2.3E-05	1.346131401E-10
22	2.2E-05	1.363221341E-10
21	2.1E-05	1.379822923E-10
20	2E-05	1.400574795E-10
19	1.9E-05	1.427369195E-10
18	1.8E-05	1.459656979E-10
17	1.7E-05	1.493592472E-10
16	1.6E-05	1.534791183E-10
15	1.5E-05	1.583558423E-10
14	1.4E-05	1.641847075E-10
13	1.3E-05	1.716431997E-10
12	1.2E-05	1.785340764E-10
11	1.1E-05	1.866578558E-10
10	1E-05	1.958131435E-10
9	9E-06	1.999940491E-10
8	8E-06	1.999940491E-10
7	7E-06	1.999940491E-10
6	6E-06	1.999940491E-10
5	5E-06	1.999940491E-10
4	4E-06	1.999940491E-10
3	3E-06	1.999940491E-10
2	2E-06	1.999940491E-10
1	1E-06	1.999940491E-10
0	0	1.999940491E-10
0	0	1.999940491E-10
1	1E-06	1.999940491E-10
2	2E-06	1.999940491E-10
3	3E-06	1.999940491E-10
4	4E-06	1.999940491E-10
5	5E-06	1.999940491E-10
6	6E-06	1.999940491E-10
7	7E-06	1.999940491E-10
8	8E-06	1.999940491E-10
9	9E-06	1.999940491E-10
10	1E-05	1.999940491E-10
11	1.1E-05	1.999940491E-10
12	1.2E-05	1.999940491E-10
13	1.3E-05	1.999940491E-10
14	1.4E-05	1.999940491E-10
15	1.5E-05	1.999940491E-10
16	1.6E-05	1.999940491E-10
17	1.7E-05	1.999940491E-10
18	1.8E-05	1.999940491E-10
19	1.9E-05	1.999940491E-10
20	2E-05	1.999940491E-10
21	2.1E-05	1.999940491E-10
22	2.2E-05	1.999940491E-10
23	2.3E-05	1.894471802E-10
24	2.4E-05	1.640626385E-10
25	2.5E-05	1.57348759E-10
26	2.6E-05	1.531190175E-10
27	2.7E-05	1.50012322E-10
28	2.8E-05	1.470521205E-10
29	2.9E-05	1.446412295E-10
30	3E-05	1.426026519E-10
31	3.1E-05	1.409241751E-10
32	3.2E-05	1.393799937E-10
33	3.3E-05	1.376832121E-10
34	3.4E-05	1.361756402E-10
35	3.5E-05	1.350098783E-10
36	3.6E-05	1.338990308E-10
37	3.7E-05	1.327088439E-10
38	3.8E-05	1.318177373E-10
39	3.9E-05	1.30957134E-10
40	4E-05	1.300660135E-10
41	4.1E-05	1.290345192E-10
42	4.2E-05	1.282410705E-10
43	4.3E-05	1.274720191E-10
44	4.4E-05	1.267029814E-10
45	4.5E-05	1.259400362E-10
46	4.6E-05	1.252015158E-10
47	4.7E-05	1.245667458E-10
48	4.8E-05	1.239564007E-10
49	4.9E-05	1.233338431E-10
50	5E-05	1.225892027E-10
50	5E-05	1.14825531E-10
49	4.9E-05	1.13922205E-10
48	4.8E-05	1.144471115E-10
47	4.7E-05	1.151307036E-10
46	4.6E-05	1.158631247E-10
45	4.5E-05	1.167054092E-10
44	4.4E-05	1.173523778E-10
43	4.3E-05	1.180298775E-10
42	4.2E-05	1.187317744E-10
41	4.1E-05	1.189698201E-10
40	4E-05	1.195801791E-10
39	3.9E-05	1.205079092E-10
38	3.8E-05	1.209900929E-10
37	3.7E-05	1.21673685E-10
36	3.6E-05	1.222168894E-10
35	3.5E-05	1.228577656E-10
34	3.4E-05	1.234192887E-10
33	3.3E-05	1.24133398E-10
32	3.2E-05	1.248475073E-10
31	3.1E-05	1.254578663E-10
30	3E-05	1.265503952E-10
29	2.9E-05	1.272645045E-10
28	2.8E-05	1.281983408E-10
27	2.7E-05	1.295472202E-10
26	2.6E-05	1.307557118E-10
25	2.5E-05	1.320862864E-10
24	2.4E-05	1.333741312E-10
23	2.3E-05	1.353089446E-10
22	2.2E-05	1.371827235E-10
21	2.1E-05	1.397584132E-10
20	2E-05	1.423768187E-10
19	1.9E-05	1.456177956E-10
18	1.8E-05	1.50085569E-10
17	1.7E-05	1.544617906E-10
16	1.6E-05	1.596742044E-10
15	1.5E-05	1.66266001E-10
14	1.4E-05	1.739198091E-10
13	1.3E-05	1.820008727E-10
12	1.2E-05	1.90637367E-10
11	1.1E-05	1.996400545E-10
10	1E-05	1.999940491E-10
9	9E-06	1.999940491E-10
8	8E-06	1.999940491E-10
7	7E-06	1.999940491E-10
6	6E-06	1.999940491E-10
5	5E-06	1.999940491E-10
4	4E-06	1.999940491E-10
3	3E-06	1.999940491E-10
2	2E-06	1.999940491E-10
1	1E-06	1.999940491E-10
0	0	1.999940491E-10
0	0	1.999940491E-10
1	1E-06	1.999940491E-10
2	2E-06	1.999940491E-10
3	3E-06	1.999940491E-10
4	4E-06	1.999940491E-10
5	5E-06	1.999940491E-10
6	6E-06	1.999940491E-10
7	7E-06	1.999940491E-10
8	8E-06	1.999940491E-10
9	9E-06	1.999940491E-10
10	1E-05	1.999940491E-10
11	1.1E-05	1.999940491E-10
12	1.2E-05	1.999940491E-10
13	1.3E-05	1.999940491E-10
14	1.4E-05	1.999940491E-10
15	1.5E-05	1.999940491E-10
16	1.6E-05	1.999940491E-10
17	1.7E-05	1.999940491E-10
18	1.8E-05	1.999940491E-10
19	1.9E-05	1.999940491E-10
20	2E-05	1.999940491E-10
21	2.1E-05	1.999940491E-10
22	2.2E-05	1.999940491E-10
23	2.3E-05	1.999940491E-10
24	2.4E-05	1.999940491E-10
25	2.5E-05	1.999940491E-10
26	2.6E-05	1.740907141E-10
27	2.7E-05	1.606141331E-10
28	2.8E-05	1.550721357E-10
29	2.9E-05	1.507752673E-10
30	3E-05	1.477174078E-10
31	3.1E-05	1.455811721E-10
32	3.2E-05	1.43066517E-10
33	3.3E-05	1.411805256E-10
34	3.4E-05	1.394715454E-10
35	3.5E-05	1.378907266E-10
36	3.6E-05	1.365906832E-10
37	3.7E-05	1.351502521E-10
38	3.8E-05	1.337891742E-10
39	3.9E-05	1.328614302E-10
40	4E-05	1.319398063E-10
41	4.1E-05	1.306946773E-10
42	4.2E-05	1.297364299E-10
43	4.3E-05	1.289673784E-10
44	4.4E-05	1.279725076E-10
45	4.5E-05	1.27154634E-10
46	4.6E-05	1.264222199E-10
47	4.7E-05	1.256897919E-10
48	4.8E-05	1.248719184E-10
49	4.9E-05	1.241517028E-10
50	5E-05	1.235108404E-10
50	5E-05	1.14532557E-10
49	4.9E-05	1.142579018E-10
48	4.8E-05	1.147889075E-10
47	4.7E-05	1.153443244E-10
46	4.6E-05	1.159912999E-10
45	4.5E-05	1.170044894E-10
44	4.4E-05	1.175782111E-10
43	4.3E-05	1.183167453E-10
42	4.2E-05	1.190125498E-10
41	4.1E-05	1.193116161E-10
40	4E-05	1.198853516E-10
39	3.9E-05	1.208008832E-10
38	3.8E-05	1.214844753E-10
37	3.7E-05	1.218811996E-10
36	3.6E-05	1.226380386E-10
35	3.5E-05	1.233033259E-10
34	3.4E-05	1.239502945E-10
33	3.3E-05	1.247071335E-10
32	3.2E-05	1.255005821E-10
31	3.1E-05	1.262269039E-10
30	3E-05	1.272950217E-10
29	2.9E-05	1.284058554E-10
28	2.8E-05	1.294739732E-10
27	2.7E-05	1.307862291E-10
26	2.6E-05	1.323426368E-10
25	2.5E-05	1.340638295E-10
24	2.4E-05	1.357972207E-10
23	2.3E-05	1.38195913E-10
22	2.2E-05	1.409669048E-10
21	2.1E-05	1.440552955E-10
20	2E-05	1.477540174E-10
19	1.9E-05	1.520997217E-10
18	1.8E-05	1.574952391E-10
17	1.7E-05	1.639100522E-10
16	1.6E-05	1.706055991E-10
15	1.5E-05	1.780885162E-10
14	1.4E-05	1.870179567E-10
13	1.3E-05	1.967225688E-10
12	1.2E-05	1.999940491E-10
11	1.1E-05	1.999940491E-10
10	1E-05	1.999940491E-10
9	9E-06	1.999940491E-10
8	8E-06	1.999940491E-10
7	7E-06	1.999940491E-10
6	6E-06	1.999940491E-10
5	5E-06	1.999940491E-10
4	4E-06	1.999940491E-10
3	3E-06	1.999940491E-10
2	2E-06	1.999940491E-10
1	1E-06	1.999940491E-10
0	0	1.999940491E-10
0	0	1.999940491E-10
1	1E-06	1.999940491E-10
2	2E-06	1.999940491E-10
3	3E-06	1.999940491E-10
4	4E-06	1.999940491E-10
5	5E-06	1.999940491E-10
6	6E-06	1.999940491E-10
7	7E-06	1.999940491E-10
8	8E-06	1.999940491E-10
9	9E-06	1.999940491E-10
10	1E-05	1.999940491E-10
11	1.1E-05	1.999940491E-10
12	1.2E-05	1.999940491E-10
13	1.3E-05	1.999940491E-10
14	1.4E-05	1.999940491E-10
15	1.5E-05	1.999940491E-10
16	1.6E-05	1.999940491E-10
17	1.7E-05	1.999940491E-10
18	1.8E-05	1.999940491E-10
19	1.9E-05	1.999940491E-10
20	2E-05	1.999940491E-10
21	2.1E-05	1.999940491E-10
22	2.2E-05	1.999940491E-10
23	2.3E-05	1.999940491E-10
24	2.4E-05	1.999940491E-10
25	2.5E-05	1.999940491E-10
26	2.6E-05	1.999940491E-10
27	2.7E-05	1.999940491E-10
28	2.8E-05	1.999940491E-10
29	2.9E-05	1.668397365E-10
30	3E-05	1.579102821E-10
31	3.1E-05	1.537659861E-10
32	3.2E-05	1.501588021E-10
33	3.3E-05	1.469544625E-10
34	3.4E-05	1.445496778E-10
35	3.5E-05	1.426880974E-10
36	3.6E-05	1.406922495E-10
37	3.7E-05	1.390381976E-10
38	3.8E-05	1.375001085E-10
39	3.9E-05	1.362610996E-10
40	4E-05	1.350220769E-10
41	4.1E-05	1.33929548E-10
42	4.2E-05	1.325806687E-10
43	4.3E-05	1.317139731E-10
44	4.4E-05	1.30761818E-10
45	4.5E-05	1.296265595E-10
46	4.6E-05	1.287903811E-10
47	4.7E-05	1.281556111E-10
48	4.8E-05	1.272767031E-10
49	4.9E-05	1.263855964E-10
50	5E-05	1.257569326E-10
50	5E-05	1.158936419E-10
49	4.9E-05	1.150452511E-10
48	4.8E-05	1.156311921E-10
47	4.7E-05	1.163941304E-10
46	4.6E-05	1.17114346E-10
45	4.5E-05	1.180176651E-10
44	4.4E-05	1.186707399E-10
43	4.3E-05	1.193909693E-10
42	4.2E-05	1.200318317E-10
41	4.1E-05	1.204102512E-10
40	4E-05	1.21063326E-10
39	3.9E-05	1.219483403E-10
38	3.8E-05	1.225770041E-10
37	3.7E-05	1.232361851E-10
36	3.6E-05	1.23791602E-10
35	3.5E-05	1.246521913E-10
34	3.4E-05	1.255494181E-10
33	3.3E-05	1.261170474E-10
32	3.2E-05	1.271485417E-10
31	3.1E-05	1.282044471E-10
30	3E-05	1.292908697E-10
29	2.9E-05	1.30615338E-10
28	2.8E-05	1.320313581E-10
27	2.7E-05	1.336243755E-10
26	2.6E-05	1.353943901E-10
25	2.5E-05	1.3763439E-10
24	2.4E-05	1.398133415E-10
23	2.3E-05	1.427003099E-10
22	2.2E-05	1.463380112E-10
21	2.1E-05	1.504334712E-10
20	2E-05	1.549805839E-10
19	1.9E-05	1.612122796E-10
18	1.8E-05	1.681886158E-10
17	1.7E-05	1.754823092E-10
16	1.6E-05	1.837708874E-10
15	1.5E-05	1.921998671E-10
14	1.4E-05	1.999940491E-10
13	1.3E-05	1.999940491E-10
12	1.2E-05	1.999940491E-10
11	1.1E-05	1.999940491E-10
10	1E-05	1.999940491E-10
9	9E-06	1.999940491E-10
8	8E-06	1.999940491E-10
7	7E-06	1.999940491E-10
6	6E-06	1.999940491E-10
5	5E-06	1.999940491E-10
4	4E-06	1.999940491E-10
3	3E-06	1.999940491E-10
2	2E-06	1.999940491E-10
1	1E-06	1.999940491E-10
0	0	1.999940491E-10
0	0	1.999940491E-10
1	1E-06	1.999940491E-10
2	2E-06	1.999940491E-10
3	3E-06	1.999940491E-10
4	4E-06	1.999940491E-10
5	5E-06	1.999940491E-10
6	6E-06	1.999940491E-10
7	7E-06	1.999940491E-10
8	8E-06	1.999940491E-10
9	9E-06	1.999940491E-10
10	1E-05	1.999940491E-10
11	1.1E-05	1.999940491E-10
12	1.2E-05	1.999940491E-10
13	1.3E-05	1.999940491E-10
14	1.4E-05	1.999940491E-10
15	1.5E-05	1.999940491E-10
16	1.6E-05	1.999940491E-10
17	1.7E-05	1.999940491E-10
18	1.8E-05	1.999940491E-10
19	1.9E-05	1.999940491E-10
20	2E-05	1.999940491E-10
21	2.1E-05	1.999940491E-10
22	2.2E-05	1.999940491E-10
23	2.3E-05	1.999940491E-10
24	2.4E-05	1.999940491E-10
25	2.5E-05	1.999940491E-10
26	2.6E-05	1.999940491E-10
27	2.7E-05	1.999940491E-10
28	2.8E-05	1.999940491E-10
29	2.9E-05	1.999940491E-10
30	3E-05	1.999940491E-10
31	3.1E-05	1.715028258E-10
32	3.2E-05	1.591737159E-10
33	3.3E-05	1.533814603E-10
34	3.4E-05	1.497498792E-10
35	3.5E-05	1.470826377E-10
36	3.6E-05	1.44555784E-10
37	3.7E-05	1.422852669E-10
38	3.8E-05	1.40557968E-10
39	3.9E-05	1.389039161E-10
40	4E-05	1.374756975E-10
41	4.1E-05	1.360108554E-10
42	4.2E-05	1.345826228E-10
43	4.3E-05	1.335389299E-10
44	4.4E-05	1.325257404E-10
45	4.5E-05	1.312500941E-10
46	4.6E-05	1.302674357E-10
47	4.7E-05	1.295777374E-10
48	4.8E-05	1.286194762E-10
49	4.9E-05	1.275330536E-10
50	5E-05	1.268311567E-10
50	5E-05	1.166138575E-10
49	4.9E-05	1.159363647E-10
48	4.8E-05	1.164185415E-10
47	4.7E-05	1.172547337E-10
46	4.6E-05	1.179749354E-10
45	4.5E-05	1.188416449E-10
44	4.4E-05	1.194581101E-10
43	4.3E-05	1.202759836E-10
42	4.2E-05	1.20916846E-10
41	4.1E-05	1.21258642E-10
40	4E-05	1.219483403E-10
39	3.9E-05	1.229188001E-10
38	3.8E-05	1.236634267E-10
37	3.7E-05	1.242127512E-10
36	3.6E-05	1.249451653E-10
35	3.5E-05	1.259705534E-10
34	3.4E-05	1.268982974E-10
33	3.3E-05	1.276795475E-10
32	3.2E-05	1.288575219E-10
31	3.1E-05	1.301392605E-10
30	3E-05	1.313782833E-10
29	2.9E-05	1.328858551E-10
28	2.8E-05	1.345459993E-10
27	2.7E-05	1.365784708E-10
26	2.6E-05	1.389527382E-10
25	2.5E-05	1.417420487E-10
24	2.4E-05	1.444886433E-10
23	2.3E-05	1.485169626E-10
22	2.2E-05	1.53302121E-10
21	2.1E-05	1.585877679E-10
20	2E-05	1.648072651E-10
19	1.9E-05	1.725282139E-10
18	1.8E-05	1.806947231E-10
17	1.7E-05	1.894227691E-10
16	1.6E-05	1.983644082E-10
15	1.5E-05	1.999940491E-10
14	1.4E-05	1.999940491E-10
13	1.3E-05	1.999940491E-10
12	1.2E-05	1.999940491E-10
11	1.1E-05	1.999940491E-10
10	1E-05	1.999940491E-10
9	9E-06	1.999940491E-10
8	8E-06	1.999940491E-10
7	7E-06	1.999940491E-10
6	6E-06	1.999940491E-10
5	5E-06	1.999940491E-10
4	4E-06	1.999940491E-10
3	3E-06	1.999940491E-10
2	2E-06	1.999940491E-10
1	1E-06	1.999940491E-10
0	0	1.999940491E-10
0	0	1.999940491E-10
1	1E-06	1.999940491E-10
2	2E-06	1.999940491E-10
3	3E-06	1.999940491E-10
4	4E-06	1.999940491E-10
5	5E-06	1.999940491E-10
6	6E-06	1.999940491E-10
7	7E-06	1.999940491E-10
8	8E-06	1.999940491E-10
9	9E-06	1.999940491E-10
10	1E-05	1.999940491E-10
11	1.1E-05	1.999940491E-10
12	1.2E-05	1.999940491E-10
13	1.3E-05	1.999940491E-10
14	1.4E-05	1.999940491E-10
15	1.5E-05	1.999940491E-10
16	1.6E-05	1.999940491E-10
17	1.7E-05	1.999940491E-10
18	1.8E-05	1.999940491E-10
19	1.9E-05	1.999940491E-10
20	2E-05	1.999940491E-10
21	2.1E-05	1.999940491E-10
22	2.2E-05	1.999940491E-10
23	2.3E-05	1.999940491E-10
24	2.4E-05	1.999940491E-10
25	2.5E-05	1.999940491E-10
26	2.6E-05	1.999940491E-10
27	2.7E-05	1.999940491E-10
28	2.8E-05	1.999940491E-10
29	2.9E-05	1.999940491E-10
30	3E-05	1.999940491E-10
31	3.1E-05	1.999940491E-10
32	3.2E-05	1.999940491E-10
33	3.3E-05	1.690370066E-10
34	3.4E-05	1.587281556E-10
35	3.5E-05	1.5405896E-10
36	3.6E-05	1.50280885E-10
37	3.7E-05	1.471436722E-10
38	3.8E-05	1.447144765E-10
39	3.9E-05	1.428223789E-10
40	4E-05	1.409791173E-10
41	4.1E-05	1.392701232E-10
42	4.2E-05	1.376404823E-10
43	4.3E-05	1.36486919E-10
44	4.4E-05	1.350037721E-10
45	4.5E-05	1.337037148E-10
46	4.6E-05	1.325196342E-10
47	4.7E-05	1.317017745E-10
48	4.8E-05	1.306458552E-10
49	4.9E-05	1.296326657E-10
50	5E-05	1.289307688E-10
50	5E-05	1.17846774E-10
49	4.9E-05	1.171997915E-10
48	4.8E-05	1.178284553E-10
47	4.7E-05	1.185975068E-10
46	4.6E-05	1.192933113E-10
45	4.5E-05	1.20282076E-10
44	4.4E-05	1.20916846E-10
43	4.3E-05	1.215882395E-10
42	4.2E-05	1.222657253E-10
41	4.1E-05	1.227906249E-10
40	4E-05	1.235047342E-10
39	3.9E-05	1.246216741E-10
38	3.8E-05	1.252564441E-10
37	3.7E-05	1.2593393E-10
36	3.6E-05	1.268799787E-10
35	3.5E-05	1.27862651E-10
34	3.4E-05	1.287842749E-10
33	3.3E-05	1.299500507E-10
32	3.2E-05	1.312867315E-10
31	3.1E-05	1.326050936E-10
30	3E-05	1.342835565E-10
29	2.9E-05	1.362610996E-10
28	2.8E-05	1.382569476E-10
27	2.7E-05	1.407349653E-10
26	2.6E-05	1.43896603E-10
25	2.5E-05	1.47406129E-10
24	2.4E-05	1.511964026E-10
23	2.3E-05	1.564027102E-10
22	2.2E-05	1.624695933E-10
21	2.1E-05	1.694642482E-10
20	2E-05	1.768861169E-10
19	1.9E-05	1.855348097E-10
18	1.8E-05	1.945192063E-10
17	1.7E-05	1.999940491E-10
16	1.6E-05	1.999940491E-10
15	1.5E-05	1.999940491E-10
14	1.4E-05	1.999940491E-10
13	1.3E-05	1.999940491E-10
12	1.2E-05	1.999940491E-10
11	1.1E-05	1.999940491E-10
10	1E-05	1.999940491E-10
9	9E-06	1.999940491E-10
8	8E-06	1.999940491E-10
7	7E-06	1.999940491E-10
6	6E-06	1.999940491E-10
5	5E-06	1.999940491E-10
4	4E-06	1.999940491E-10
3	3E-06	1.999940491E-10
2	2E-06	1.999940491E-10
1	1E-06	1.999940491E-10
0	0	1.999940491E-10
0	0	1.999940491E-10
1	1E-06	1.999940491E-10
2	2E-06	1.999940491E-10
3	3E-06	1.999940491E-10
4	4E-06	1.999940491E-10
5	5E-06	1.999940491E-10
6	6E-06	1.999940491E-10
7	7E-06	1.999940491E-10
8	8E-06	1.999940491E-10
9	9E-06	1.999940491E-10
10	1E-05	1.999940491E-10
11	1.1E-05	1.999940491E-10
12	1.2E-05	1.999940491E-10
13	1.3E-05	1.999940491E-10
14	1.4E-05	1.999940491E-10
15	1.5E-05	1.999940491E-10
16	1.6E-05	1.999940491E-10
17	1.7E-05	1.999940491E-10
18	1.8E-05	1.999940491E-10
19	1.9E-05	1.999940491E-10
20	2E-05	1.999940491E-10
21	2.1E-05	1.999940491E-10
22	2.2E-05	1.999940491E-10
23	2.3E-05	1.999940491E-10
24	2.4E-05	1.999940491E-10
25	2.5E-05	1.999940491E-10
26	2.6E-05	1.999940491E-10
27	2.7E-05	1.999940491E-10
28	2.8E-05	1.999940491E-10
29	2.9E-05	1.999940491E-10
30	3E-05	1.999940491E-10
31	3.1E-05	1.999940491E-10
32	3.2E-05	1.999940491E-10
33	3.3E-05	1.999940491E-10
34	3.4E-05	1.999940491E-10
35	3.5E-05	1.744569211E-10
36	3.6E-05	1.603272654E-10
37	3.7E-05	1.548646211E-10
38	3.8E-05	1.512452386E-10
39	3.9E-05	1.484681406E-10
40	4E-05	1.459901089E-10
41	4.1E-05	1.436646635E-10
42	4.2E-05	1.416932266E-10
43	4.3E-05	1.402466893E-10
44	4.4E-05	1.386719767E-10
45	4.5E-05	1.370728669E-10
46	4.6E-05	1.358216456E-10
47	4.7E-05	1.348145623E-10
48	4.8E-05	1.336548927E-10
49	4.9E-05	1.323914589E-10
50	5E-05	1.314881398E-10
50	5E-05	1.19018656E-10
49	4.9E-05	1.182679094E-10
48	4.8E-05	1.188599635E-10
47	4.7E-05	1.196473198E-10
46	4.6E-05	1.203492167E-10
45	4.5E-05	1.214112283E-10
44	4.4E-05	1.220521045E-10
43	4.3E-05	1.229371049E-10
42	4.2E-05	1.235657687E-10
41	4.1E-05	1.240540587E-10
40	4E-05	1.248475073E-10
39	3.9E-05	1.259278376E-10
38	3.8E-05	1.264649357E-10
37	3.7E-05	1.275147488E-10
36	3.6E-05	1.285401369E-10
35	3.5E-05	1.295167029E-10
34	3.4E-05	1.309510278E-10
33	3.3E-05	1.323060134E-10
32	3.2E-05	1.334534705E-10
31	3.1E-05	1.353760853E-10
30	3E-05	1.374878961E-10
29	2.9E-05	1.396119192E-10
28	2.8E-05	1.423585E-10
27	2.7E-05	1.458741461E-10
26	2.6E-05	1.492005547E-10
25	2.5E-05	1.543030981E-10
24	2.4E-05	1.595155119E-10
23	2.3E-05	1.659181126E-10
22	2.2E-05	1.733155702E-10
21	2.1E-05	1.817872519E-10
20	2E-05	1.89685212E-10
19	1.9E-05	1.986146525E-10
18	1.8E-05	1.999940491E-10
17	1.7E-05	1.999940491E-10
16	1.6E-05	1.999940491E-10
15	1.5E-05	1.999940491E-10
14	1.4E-05	1.999940491E-10
13	1.3E-05	1.999940491E-10
12	1.2E-05	1.999940491E-10
11	1.1E-05	1.999940491E-10
10	1E-05	1.999940491E-10
9	9E-06	1.999940491E-10
8	8E-06	1.999940491E-10
7	7E-06	1.999940491E-10
6	6E-06	1.999940491E-10
5	5E-06	1.999940491E-10
4	4E-06	1.999940491E-10
3	3E-06	1.999940491E-10
2	2E-06	1.999940491E-10
1	1E-06	1.999940491E-10
0	0	1.999940491E-10
0	0	1.999940491E-10
1	1E-06	1.999940491E-10
2	2E-06	1.999940491E-10
3	3E-06	1.999940491E-10
4	4E-06	1.999940491E-10
5	5E-06	1.999940491E-10
6	6E-06	1.999940491E-10
7	7E-06	1.999940491E-10
8	8E-06	1.999940491E-10
9	9E-06	1.999940491E-10
10	1E-05	1.999940491E-10
11	1.1E-05	1.999940491E-10
12	1.2E-05	1.999940491E-10
13	1.3E-05	1.999940491E-10
14	1.4E-05	1.999940491E-10
15	1.5E-05	1.999940491E-10
16	1.6E-05	1.999940491E-10
17	1.7E-05	1.999940491E-10
18	1.8E-05	1.999940491E-10
19	1.9E-05	1.999940491E-10
20	2E-05	1.999940491E-10
21	2.1E-05	1.999940491E-10
22	2.2E-05	1.999940491E-10
23	2.3E-05	1.999940491E-10
24	2.4E-05	1.999940491E-10
25	2.5E-05	1.999940491E-10
26	2.6E-05	1.999940491E-10
27	2.7E-05	1.999940491E-10
28	2.8E-05	1.999940491E-10
29	2.9E-05	1.999940491E-10
30	3E-05	1.999940491E-10
31	3.1E-05	1.999940491E-10
32	3.2E-05	1.999940491E-10
33	3.3E-05	1.999940491E-10
34	3.4E-05	1.999940491E-10
35	3.5E-05	1.999940491E-10
36	3.6E-05	1.999940491E-10
37	3.7E-05	1.680848516E-10
38	3.8E-05	1.586732273E-10
39	3.9E-05	1.542847794E-10
40	4E-05	1.507813735E-10
41	4.1E-05	1.477540174E-10
42	4.2E-05	1.452759996E-10
43	4.3E-05	1.433899943E-10
44	4.4E-05	1.413270057E-10
45	4.5E-05	1.394532267E-10
46	4.6E-05	1.380189019E-10
47	4.7E-05	1.36901962E-10
48	4.8E-05	1.354859419E-10
49	4.9E-05	1.343568035E-10
50	5E-05	1.332947919E-10
50	5E-05	1.201294897E-10
49	4.9E-05	1.19116314E-10
48	4.8E-05	1.197083543E-10
47	4.7E-05	1.206360845E-10
46	4.6E-05	1.213685125E-10
45	4.5E-05	1.222962426E-10
44	4.4E-05	1.231263147E-10
43	4.3E-05	1.239625069E-10
42	4.2E-05	1.247193321E-10
41	4.1E-05	1.253968318E-10
40	4E-05	1.259705534E-10
39	3.9E-05	1.271119182E-10
38	3.8E-05	1.280335421E-10
37	3.7E-05	1.292054241E-10
36	3.6E-05	1.304261282E-10
35	3.5E-05	1.314026943E-10
34	3.4E-05	1.330323351E-10
33	3.3E-05	1.348023498E-10
32	3.2E-05	1.363343327E-10
31	3.1E-05	1.386048498E-10
30	3E-05	1.413209133E-10
29	2.9E-05	1.442200942E-10
28	2.8E-05	1.476624656E-10
27	2.7E-05	1.521912735E-10
26	2.6E-05	1.570374802E-10
25	2.5E-05	1.634583857E-10
24	2.4E-05	1.697267049E-10
23	2.3E-05	1.776734732E-10
22	2.2E-05	1.865418792E-10
21	2.1E-05	1.959169077E-10
20	2E-05	1.999940491E-10
19	1.9E-05	1.999940491E-10
18	1.8E-05	1.999940491E-10
17	1.7E-05	1.999940491E-10
16	1.6E-05	1.999940491E-10
15	1.5E-05	1.999940491E-10
14	1.4E-05	1.999940491E-10
13	1.3E-05	1.999940491E-10
12	1.2E-05	1.999940491E-10
11	1.1E-05	1.999940491E-10
10	1E-05	1.999940491E-10
9	9E-06	1.999940491E-10
8	8E-06	1.999940491E-10
7	7E-06	1.999940491E-10
6	6E-06	1.999940491E-10
5	5E-06	1.999940491E-10
4	4E-06	1.999940491E-10
3	3E-06	1.999940491E-10
2	2E-06	1.999940491E-10
1	1E-06	1.999940491E-10
0	0	1.999940491E-10
0	0	1.999940491E-10
1	1E-06	1.999940491E-10
2	2E-06	1.999940491E-10
3	3E-06	1.999940491E-10
4	4E-06	1.999940491E-10
5	5E-06	1.999940491E-10
6	6E-06	1.999940491E-10
7	7E-06	1.999940491E-10
8	8E-06	1.999940491E-10
9	9E-06	1.999940491E-10
10	1E-05	1.999940491E-10
11	1.1E-05	1.999940491E-10
12	1.2E-05	1.999940491E-10
13	1.3E-05	1.999940491E-10
14	1.4E-05	1.999940491E-10
15	1.5E-05	1.999940491E-10
16	1.6E-05	1.999940491E-10
17	1.7E-05	1.999940491E-10
18	1.8E-05	1.999940491E-10
19	1.9E-05	1.999940491E-10
20	2E-05	1.999940491E-10
21	2.1E-05	1.999940491E-10
22	2.2E-05	1.999940491E-10
23	2.3E-05	1.999940491E-10
24	2.4E-05	1.999940491E-10
25	2.5E-05	1.999940491E-10
26	2.6E-05	1.999940491E-10
27	2.7E-05	1.999940491E-10
28	2.8E-05	1.999940491E-10
29	2.9E-05	1.999940491E-10
30	3E-05	1.999940491E-10
31	3.1E-05	1.999940491E-10
32	3.2E-05	1.999940491E-10
33	3.3E-05	1.999940491E-10
34	3.4E-05	1.999940491E-10
35	3.5E-05	1.999940491E-10
36	3.6E-05	1.999940491E-10
37	3.7E-05	1.999940491E-10
38	3.8E-05	1.999940491E-10
39	3.9E-05	1.671815325E-10
40	4E-05	1.585084286E-10
41	4.1E-05	1.534791183E-10
42	4.2E-05	1.49817006E-10
43	4.3E-05	1.472962585E-10
44	4.4E-05	1.448853676E-10
45	4.5E-05	1.426270629E-10
46	4.6E-05	1.407166605E-10
47	4.7E-05	1.394471344E-10
48	4.8E-05	1.377137293E-10
49	4.9E-05	1.363831686E-10
50	5E-05	1.351685708E-10
50	5E-05	1.206055672E-10
49	4.9E-05	1.199463862E-10
48	4.8E-05	1.205933547E-10
47	4.7E-05	1.213624062E-10
46	4.6E-05	1.220581969E-10
45	4.5E-05	1.231507257E-10
44	4.4E-05	1.238587427E-10
43	4.3E-05	1.247864728E-10
42	4.2E-05	1.255677229E-10
41	4.1E-05	1.264344185E-10
40	4E-05	1.271363292E-10
39	3.9E-05	1.284729961E-10
38	3.8E-05	1.295777374E-10
37	3.7E-05	1.307679243E-10
36	3.6E-05	1.320862864E-10
35	3.5E-05	1.336915162E-10
34	3.4E-05	1.354615309E-10
33	3.3E-05	1.375306258E-10
32	3.2E-05	1.398804822E-10
31	3.1E-05	1.426270629E-10
30	3E-05	1.458680399E-10
29	2.9E-05	1.501404973E-10
28	2.8E-05	1.547059286E-10
27	2.7E-05	1.604432281E-10
26	2.6E-05	1.669312882E-10
25	2.5E-05	1.750001394E-10
24	2.4E-05	1.822938328E-10
23	2.3E-05	1.912477121E-10
22	2.2E-05	1.999940491E-10
21	2.1E-05	1.999940491E-10
20	2E-05	1.999940491E-10
19	1.9E-05	1.999940491E-10
18	1.8E-05	1.999940491E-10
17	1.7E-05	1.999940491E-10
16	1.6E-05	1.999940491E-10
15	1.5E-05	1.999940491E-10
14	1.4E-05	1.999940491E-10
13	1.3E-05	1.999940491E-10
12	1.2E-05	1.999940491E-10
11	1.1E-05	1.999940491E-10
10	1E-05	1.999940491E-10
9	9E-06	1.999940491E-10
8	8E-06	1.999940491E-10
7	7E-06	1.999940491E-10
6	6E-06	1.999940491E-10
5	5E-06	1.999940491E-10
4	4E-06	1.999940491E-10
3	3E-06	1.999940491E-10
2	2E-06	1.999940491E-10
1	1E-06	1.999940491E-10
0	0	1.999940491E-10
0	0	1.999940491E-10
1	1E-06	1.999940491E-10
2	2E-06	1.999940491E-10
3	3E-06	1.999940491E-10
4	4E-06	1.999940491E-10
5	5E-06	1.999940491E-10
6	6E-06	1.999940491E-10
7	7E-06	1.999940491E-10
8	8E-06	1.999940491E-10
9	9E-06	1.999940491E-10
10	1E-05	1.999940491E-10
11	1.1E-05	1.999940491E-10
12	1.2E-05	1.999940491E-10
13	1.3E-05	1.999940491E-10
14	1.4E-05	1.999940491E-10
15	1.5E-05	1.999940491E-10
16	1.6E-05	1.999940491E-10
17	1.7E-05	1.999940491E-10
18	1.8E-05	1.999940491E-10
19	1.9E-05	1.999940491E-10
20	2E-05	1.999940491E-10
21	2.1E-05	1.999940491E-10
22	2.2E-05	1.999940491E-10
23	2.3E-05	1.999940491E-10
24	2.4E-05	1.999940491E-10
25	2.5E-05	1.999940491E-10
26	2.6E-05	1.999940491E-10
27	2.7E-05	1.999940491E-10
28	2.8E-05	1.999940491E-10
29	2.9E-05	1.999940491E-10
30	3E-05	1.999940491E-10
31	3.1E-05	1.999940491E-10
32	3.2E-05	1.999940491E-10
33	3.3E-05	1.999940491E-10
34	3.4E-05	1.999940491E-10
35	3.5E-05	1.999940491E-10
36	3.6E-05	1.999940491E-10
37	3.7E-05	1.999940491E-10
38	3.8E-05	1.999940491E-10
39	3.9E-05	1.999940491E-10
40	4E-05	1.949159306E-10
41	4.1E-05	1.649415465E-10
42	4.2E-05	1.578675524E-10
43	4.3E-05	1.539918193E-10
44	4.4E-05	1.50549434E-10
45	4.5E-05	1.475831263E-10
46	4.6E-05	1.453370341E-10
47	4.7E-05	1.436951808E-10
48	4.8E-05	1.417176376E-10
49	4.9E-05	1.399293043E-10
50	5E-05	1.386292608E-10
50	5E-05	1.226685559E-10
49	4.9E-05	1.222657253E-10
48	4.8E-05	1.228089297E-10
47	4.7E-05	1.23596286E-10
46	4.6E-05	1.24426372E-10
45	4.5E-05	1.253846194E-10
44	4.4E-05	1.262024929E-10
43	4.3E-05	1.272156686E-10
42	4.2E-05	1.280762718E-10
41	4.1E-05	1.288514156E-10
40	4E-05	1.298951224E-10
39	3.9E-05	1.314576226E-10
38	3.8E-05	1.326233984E-10
37	3.7E-05	1.340455247E-10
36	3.6E-05	1.357178814E-10
35	3.5E-05	1.375916603E-10
34	3.4E-05	1.398438587E-10
33	3.3E-05	1.424439594E-10
32	3.2E-05	1.455140314E-10
31	3.1E-05	1.489686291E-10
30	3E-05	1.533570493E-10
29	2.9E-05	1.587830839E-10
28	2.8E-05	1.64441058E-10
27	2.7E-05	1.717347514E-10
26	2.6E-05	1.793885596E-10
25	2.5E-05	1.884156858E-10
24	2.4E-05	1.96118316E-10
23	2.3E-05	1.999940491E-10
22	2.2E-05	1.999940491E-10
21	2.1E-05	1.999940491E-10
20	2E-05	1.999940491E-10
19	1.9E-05	1.999940491E-10
18	1.8E-05	1.999940491E-10
17	1.7E-05	1.999940491E-10
16	1.6E-05	1.999940491E-10
15	1.5E-05	1.999940491E-10
14	1.4E-05	1.999940491E-10
13	1.3E-05	1.999940491E-10
12	1.2E-05	1.999940491E-10
11	1.1E-05	1.999940491E-10
10	1E-05	1.999940491E-10
9	9E-06	1.999940491E-10
8	8E-06	1.999940491E-10
7	7E-06	1.999940491E-10
6	6E-06	1.999940491E-10
5	5E-06	1.999940491E-10
4	4E-06	1.999940491E-10
3	3E-06	1.999940491E-10
2	2E-06	1.999940491E-10
1	1E-06	1.999940491E-10
0	0	1.999940491E-10
0	0	1.999940491E-10
1	1E-06	1.999940491E-10
2	2E-06	1.999940491E-10
3	3E-06	1.999940491E-10
4	4E-06	1.999940491E-10
5	5E-06	1.999940491E-10
6	6E-06	1.999940491E-10
7	7E-06	1.999940491E-10
8	8E-06	1.999940491E-10
9	9E-06	1.999940491E-10
10	1E-05	1.999940491E-10
11	1.1E-05	1.999940491E-10
12	1.2E-05	1.999940491E-10
13	1.3E-05	1.999940491E-10
14	1.4E-05	1.999940491E-10
15	1.5E-05	1.999940491E-10
16	1.6E-05	1.999940491E-10
17	1.7E-05	1.999940491E-10
18	1.8E-05	1.999940491E-10
19	1.9E-05	1.999940491E-10
20	2E-05	1.999940491E-10
21	2.1E-05	1.999940491E-10
22	2.2E-05	1.999940491E-10
23	2.3E-05	1.999940491E-10
24	2.4E-05	1.999940491E-10
25	2.5E-05	1.999940491E-10
26	2.6E-05	1.999940491E-10
27	2.7E-05	1.999940491E-10
28	2.8E-05	1.999940491E-10
29	2.9E-05	1.999940491E-10
30	3E-05	1.999940491E-10
31	3.1E-05	1.999940491E-10
32	3.2E-05	1.999940491E-10
33	3.3E-05	1.999940491E-10
34	3.4E-05	1.999940491E-10
35	3.5E-05	1.999940491E-10
36	3.6E-05	1.999940491E-10
37	3.7E-05	1.999940491E-10
38	3.8E-05	1.999940491E-10
39	3.9E-05	1.999940491E-10
40	4E-05	1.999940491E-10
41	4.1E-05	1.999940491E-10
42	4.2E-05	1.881410305E-10
43	4.3E-05	1.647157133E-10
44	4.4E-05	1.579530118E-10
45	4.5E-05	1.533387445E-10
46	4.6E-05	1.50085569E-10
47	4.7E-05	1.477662298E-10
48	4.8E-05	1.454407844E-10
49	4.9E-05	1.434571351E-10
50	5E-05	1.417786721E-10
50	5E-05	1.246766163E-10
49	4.9E-05	1.239258834E-10
48	4.8E-05	1.245606396E-10
47	4.7E-05	1.253785131E-10
46	4.6E-05	1.262269039E-10
45	4.5E-05	1.274048783E-10
44	4.4E-05	1.282532691E-10
43	4.3E-05	1.292542462E-10
42	4.2E-05	1.30224706E-10
41	4.1E-05	1.31176861E-10
40	4E-05	1.324036714E-10
39	3.9E-05	1.340455247E-10
38	3.8E-05	1.358094331E-10
37	3.7E-05	1.37439074E-10
36	3.6E-05	1.392457122E-10
35	3.5E-05	1.417542611E-10
34	3.4E-05	1.446351233E-10
33	3.3E-05	1.479859568E-10
32	3.2E-05	1.518006554E-10
31	3.1E-05	1.566285435E-10
30	3E-05	1.621827395E-10
29	2.9E-05	1.687867623E-10
28	2.8E-05	1.7618422E-10
27	2.7E-05	1.841554131E-10
26	2.6E-05	1.931398097E-10
25	2.5E-05	1.999940491E-10
24	2.4E-05	1.999940491E-10
23	2.3E-05	1.999940491E-10
22	2.2E-05	1.999940491E-10
21	2.1E-05	1.999940491E-10
20	2E-05	1.999940491E-10
19	1.9E-05	1.999940491E-10
18	1.8E-05	1.999940491E-10
17	1.7E-05	1.999940491E-10
16	1.6E-05	1.999940491E-10
15	1.5E-05	1.999940491E-10
14	1.4E-05	1.999940491E-10
13	1.3E-05	1.999940491E-10
12	1.2E-05	1.999940491E-10
11	1.1E-05	1.999940491E-10
10	1E-05	1.999940491E-10
9	9E-06	1.999940491E-10
8	8E-06	1.999940491E-10
7	7E-06	1.999940491E-10
6	6E-06	1.999940491E-10
5	5E-06	1.999940491E-10
4	4E-06	1.999940491E-10
3	3E-06	1.999940491E-10
2	2E-06	1.999940491E-10
1	1E-06	1.999940491E-10
0	0	1.999940491E-10
0	0	1.999940491E-10
1	1E-06	1.999940491E-10
2	2E-06	1.999940491E-10
3	3E-06	1.999940491E-10
4	4E-06	1.999940491E-10
5	5E-06	1.999940491E-10
6	6E-06	1.999940491E-10
7	7E-06	1.999940491E-10
8	8E-06	1.999940491E-10
9	9E-06	1.999940491E-10
10	1E-05	1.999940491E-10
11	1.1E-05	1.999940491E-10
12	1.2E-05	1.999940491E-10
13	1.3E-05	1.999940491E-10
14	1.4E-05	1.999940491E-10
15	1.5E-05	1.999940491E-10
16	1.6E-05	1.999940491E-10
17	1.7E-05	1.999940491E-10
18	1.8E-05	1.999940491E-10
19	1.9E-05	1.999940491E-10
20	2E-05	1.999940491E-10
21	2.1E-05	1.999940491E-10
22	2.2E-05	1.999940491E-10
23	2.3E-05	1.999940491E-10
24	2.4E-05	1.999940491E-10
25	2.5E-05	1.999940491E-10
26	2.6E-05	1.999940491E-10
27	2.7E-05	1.999940491E-10
28	2.8E-05	1.999940491E-10
29	2.9E-05	1.999940491E-10
30	3E-05	1.999940491E-10
31	3.1E-05	1.999940491E-10
32	3.2E-05	1.999940491E-10
33	3.3E-05	1.999940491E-10
34	3.4E-05	1.999940491E-10
35	3.5E-05	1.999940491E-10
36	3.6E-05	1.999940491E-10
37	3.7E-05	1.999940491E-10
38	3.8E-05	1.999940491E-10
39	3.9E-05	1.999940491E-10
40	4E-05	1.999940491E-10
41	4.1E-05	1.999940491E-10
42	4.2E-05	1.999940491E-10
43	4.3E-05	1.999940491E-10
44	4.4E-05	1.809510597E-10
45	4.5E-05	1.627931123E-10
46	4.6E-05	1.57031374E-10
47	4.7E-05	1.53399779E-10
48	4.8E-05	1.501771207E-10
49	4.9E-05	1.476197498E-10
50	5E-05	1.455994769E-10
50	5E-05	1.264832544E-10
49	4.9E-05	1.262146915E-10
48	4.8E-05	1.268372629E-10
47	4.7E-05	1.27667335E-10
46	4.6E-05	1.285462431E-10
45	4.5E-05	1.298035707E-10
44	4.4E-05	1.306519476E-10
43	4.3E-05	1.3178722E-10
42	4.2E-05	1.329163724E-10
41	4.1E-05	1.340149935E-10
40	4E-05	1.355591889E-10
39	3.9E-05	1.375550368E-10
38	3.8E-05	1.392274074E-10
37	3.7E-05	1.415894624E-10
36	3.6E-05	1.440736003E-10
35	3.5E-05	1.469300515E-10
34	3.4E-05	1.508607128E-10
33	3.3E-05	1.55444449E-10
32	3.2E-05	1.600953259E-10
31	3.1E-05	1.664369059E-10
30	3E-05	1.736878835E-10
29	2.9E-05	1.812440337E-10
28	2.8E-05	1.892945939E-10
27	2.7E-05	1.987672527E-10
26	2.6E-05	1.999940491E-10
25	2.5E-05	1.999940491E-10
24	2.4E-05	1.999940491E-10
23	2.3E-05	1.999940491E-10
22	2.2E-05	1.999940491E-10
21	2.1E-05	1.999940491E-10
20	2E-05	1.999940491E-10
19	1.9E-05	1.999940491E-10
18	1.8E-05	1.999940491E-10
17	1.7E-05	1.999940491E-10
16	1.6E-05	1.999940491E-10
15	1.5E-05	1.999940491E-10
14	1.4E-05	1.999940491E-10
13	1.3E-05	1.999940491E-10
12	1.2E-05	1.999940491E-10
11	1.1E-05	1.999940491E-10
10	1E-05	1.999940491E-10
9	9E-06	1.999940491E-10
8	8E-06	1.999940491E-10
7	7E-06	1.999940491E-10
6	6E-06	1.999940491E-10
5	5E-06	1.999940491E-10
4	4E-06	1.999940491E-10
3	3E-06	1.999940491E-10
2	2E-06	1.999940491E-10
1	1E-06	1.999940491E-10
0	0	1.999940491E-10
0	0	1.999940491E-10
1	1E-06	1.999940491E-10
2	2E-06	1.999940491E-10
3	3E-06	1.999940491E-10
4	4E-06	1.999940491E-10
5	5E-06	1.999940491E-10
6	6E-06	1.999940491E-10
7	7E-06	1.999940491E-10
8	8E-06	1.999940491E-10
9	9E-06	1.999940491E-10
10	1E-05	1.999940491E-10
11	1.1E-05	1.999940491E-10
12	1.2E-05	1.999940491E-10
13	1.3E-05	1.999940491E-10
14	1.4E-05	1.999940491E-10
15	1.5E-05	1.999940491E-10
16	1.6E-05	1.999940491E-10
17	1.7E-05	1.999940491E-10
18	1.8E-05	1.999940491E-10
19	1.9E-05	1.999940491E-10
20	2E-05	1.999940491E-10
21	2.1E-05	1.999940491E-10
22	2.2E-05	1.999940491E-10
23	2.3E-05	1.999940491E-10
24	2.4E-05	1.999940491E-10
25	2.5E-05	1.999940491E-10
26	2.6E-05	1.999940491E-10
27	2.7E-05	1.999940491E-10
28	2.8E-05	1.999940491E-10
29	2.9E-05	1.999940491E-10
30	3E-05	1.999940491E-10
31	3.1E-05	1.999940491E-10
32	3.2E-05	1.999940491E-10
33	3.3E-05	1.999940491E-10
34	3.4E-05	1.999940491E-10
35	3.5E-05	1.999940491E-10
36	3.6E-05	1.999940491E-10
37	3.7E-05	1.999940491E-10
38	3.8E-05	1.999940491E-10
39	3.9E-05	1.999940491E-10
40	4E-05	1.999940491E-10
41	4.1E-05	1.999940491E-10
42	4.2E-05	1.999940491E-10
43	4.3E-05	1.999940491E-10
44	4.4E-05	1.999940491E-10
45	4.5E-05	1.999940491E-10
46	4.6E-05	1.774354413E-10
47	4.7E-05	1.634461871E-10
48	4.8E-05	1.579530118E-10
49	4.9E-05	1.538087158E-10
50	5E-05	1.510316178E-10
50	5E-05	1.284607976E-10
49	4.9E-05	1.278321338E-10
48	4.8E-05	1.285767603E-10
47	4.7E-05	1.296143609E-10
46	4.6E-05	1.305298786E-10
45	4.5E-05	1.318604531E-10
44	4.4E-05	1.328980537E-10
43	4.3E-05	1.34198111E-10
42	4.2E-05	1.355347778E-10
41	4.1E-05	1.369141744E-10
40	4E-05	1.385010856E-10
39	3.9E-05	1.409424938E-10
38	3.8E-05	1.433594771E-10
37	3.7E-05	1.459840027E-10
36	3.6E-05	1.494446927E-10
35	3.5E-05	1.531922506E-10
34	3.4E-05	1.577271785E-10
33	3.3E-05	1.63610972E-10
32	3.2E-05	1.699830415E-10
31	3.1E-05	1.771241626E-10
30	3E-05	1.856263615E-10
29	2.9E-05	1.944398531E-10
28	2.8E-05	1.999940491E-10
27	2.7E-05	1.999940491E-10
26	2.6E-05	1.999940491E-10
25	2.5E-05	1.999940491E-10
24	2.4E-05	1.999940491E-10
23	2.3E-05	1.999940491E-10
22	2.2E-05	1.999940491E-10
21	2.1E-05	1.999940491E-10
20	2E-05	1.999940491E-10
19	1.9E-05	1.999940491E-10
18	1.8E-05	1.999940491E-10
17	1.7E-05	1.999940491E-10
16	1.6E-05	1.999940491E-10
15	1.5E-05	1.999940491E-10
14	1.4E-05	1.999940491E-10
13	1.3E-05	1.999940491E-10
12	1.2E-05	1.999940491E-10
11	1.1E-05	1.999940491E-10
10	1E-05	1.999940491E-10
9	9E-06	1.999940491E-10
8	8E-06	1.999940491E-10
7	7E-06	1.999940491E-10
6	6E-06	1.999940491E-10
5	5E-06	1.999940491E-10
4	4E-06	1.999940491E-10
3	3E-06	1.999940491E-10
2	2E-06	1.999940491E-10
1	1E-06	1.999940491E-10
0	0	1.999940491E-10
0	0	1.999940491E-10
1	1E-06	1.999940491E-10
2	2E-06	1.999940491E-10
3	3E-06	1.999940491E-10
4	4E-06	1.999940491E-10
5	5E-06	1.999940491E-10
6	6E-06	1.999940491E-10
7	7E-06	1.999940491E-10
8	8E-06	1.999940491E-10
9	9E-06	1.999940491E-10
10	1E-05	1.999940491E-10
11	1.1E-05	1.999940491E-10
12	1.2E-05	1.999940491E-10
13	1.3E-05	1.999940491E-10
14	1.4E-05	1.999940491E-10
15	1.5E-05	1.999940491E-10
16	1.6E-05	1.999940491E-10
17	1.7E-05	1.999940491E-10
18	1.8E-05	1.999940491E-10
19	1.9E-05	1.999940491E-10
20	2E-05	1.999940491E-10
21	2.1E-05	1.999940491E-10
22	2.2E-05	1.999940491E-10
23	2.3E-05	1.999940491E-10
24	2.4E-05	1.999940491E-10
25	2.5E-05	1.999940491E-10
26	2.6E-05	1.999940491E-10
27	2.7E-05	1.999940491E-10
28	2.8E-05	1.999940491E-10
29	2.9E-05	1.999940491E-10
30	3E-05	1.999940491E-10
31	3.1E-05	1.999940491E-10
32	3.2E-05	1.999940491E-10
33	3.3E-05	1.999940491E-10
34	3.4E-05	1.999940491E-10
35	3.5E-05	1.999940491E-10
36	3.6E-05	1.999940491E-10
37	3.7E-05	1.999940491E-10
38	3.8E-05	1.999940491E-10
39	3.9E-05	1.999940491E-10
40	4E-05	1.999940491E-10
41	4.1E-05	1.999940491E-10
42	4.2E-05	1.999940491E-10
43	4.3E-05	1.999940491E-10
44	4.4E-05	1.999940491E-10
45	4.5E-05	1.999940491E-10
46	4.6E-05	1.999940491E-10
47	4.7E-05	1.999940491E-10
48	4.8E-05	1.713624381E-10
49	4.9E-05	1.611207279E-10
50	5E-05	1.566224372E-10
50	5E-05	1.305970193E-10
49	4.9E-05	1.296021485E-10
48	4.8E-05	1.305543035E-10
47	4.7E-05	1.314759412E-10
46	4.6E-05	1.325318466E-10
45	4.5E-05	1.340638295E-10
44	4.4E-05	1.353516743E-10
43	4.3E-05	1.368836572E-10
42	4.2E-05	1.385132981E-10
41	4.1E-05	1.403992755E-10
40	4E-05	1.421753965E-10
39	3.9E-05	1.453614451E-10
38	3.8E-05	1.483033418E-10
37	3.7E-05	1.522156984E-10
36	3.6E-05	1.564149227E-10
35	3.5E-05	1.611329264E-10
34	3.4E-05	1.67559952E-10
33	3.3E-05	1.749757284E-10
32	3.2E-05	1.820619072E-10
31	3.1E-05	1.905458152E-10
30	3E-05	1.999635318E-10
29	2.9E-05	1.999940491E-10
28	2.8E-05	1.999940491E-10
27	2.7E-05	1.999940491E-10
26	2.6E-05	1.999940491E-10
25	2.5E-05	1.999940491E-10
24	2.4E-05	1.999940491E-10
23	2.3E-05	1.999940491E-10
22	2.2E-05	1.999940491E-10
21	2.1E-05	1.999940491E-10
20	2E-05	1.999940491E-10
19	1.9E-05	1.999940491E-10
18	1.8E-05	1.999940491E-10
17	1.7E-05	1.999940491E-10
16	1.6E-05	1.999940491E-10
15	1.5E-05	1.999940491E-10
14	1.4E-05	1.999940491E-10
13	1.3E-05	1.999940491E-10
12	1.2E-05	1.999940491E-10
11	1.1E-05	1.999940491E-10
10	1E-05	1.999940491E-10
9	9E-06	1.999940491E-10
8	8E-06	1.999940491E-10
7	7E-06	1.999940491E-10
6	6E-06	1.999940491E-10
5	5E-06	1.999940491E-10
4	4E-06	1.999940491E-10
3	3E-06	1.999940491E-10
2	2E-06	1.999940491E-10
1	1E-06	1.999940491E-10
0	0	1.999940491E-10
0	0	1.999940491E-10
1	1E-06	1.999940491E-10
2	2E-06	1.999940491E-10
3	3E-06	1.999940491E-10
4	4E-06	1.999940491E-10
5	5E-06	1.999940491E-10
6	6E-06	1.999940491E-10
7	7E-06	1.999940491E-10
8	8E-06	1.999940491E-10
9	9E-06	1.999940491E-10
10	1E-05	1.999940491E-10
11	1.1E-05	1.999940491E-10
12	1.2E-05	1.999940491E-10
13	1.3E-05	1.999940491E-10
14	1.4E-05	1.999940491E-10
15	1.5E-05	1.999940491E-10
16	1.6E-05	1.999940491E-10
17	1.7E-05	1.999940491E-10
18	1.8E-05	1.999940491E-10
19	1.9E-05	1.999940491E-10
20	2E-05	1.999940491E-10
21	2.1E-05	1.999940491E-10
22	2.2E-05	1.999940491E-10
23	2.3E-05	1.999940491E-10
24	2.4E-05	1.999940491E-10
25	2.5E-05	1.999940491E-10
26	2.6E-05	1.999940491E-10
27	2.7E-05	1.999940491E-10
28	2.8E-05	1.999940491E-10
29	2.9E-05	1.999940491E-10
30	3E-05	1.999940491E-10
31	3.1E-05	1.999940491E-10
32	3.2E-05	1.999940491E-10
33	3.3E-05	1.999940491E-10
34	3.4E-05	1.999940491E-10
35	3.5E-05	1.999940491E-10
36	3.6E-05	1.999940491E-10
37	3.7E-05	1.999940491E-10
38	3.8E-05	1.999940491E-10
39	3.9E-05	1.999940491E-10
40	4E-05	1.999940491E-10
41	4.1E-05	1.999940491E-10
42	4.2E-05	1.999940491E-10
43	4.3E-05	1.999940491E-10
44	4.4E-05	1.999940491E-10
45	4.5E-05	1.999940491E-10
46	4.6E-05	1.999940491E-10
47	4.7E-05	1.999940491E-10
48	4.8E-05	1.999940491E-10
49	4.9E-05	1.937806721E-10
50	5E-05	1.664430122E-10
50	5E-05	1.320862864E-10
49	4.9E-05	1.313416598E-10
48	4.8E-05	1.322449789E-10
47	4.7E-05	1.332825794E-10
46	4.6E-05	1.344910711E-10
45	4.5E-05	1.362122637E-10
44	4.4E-05	1.377076231E-10
43	4.3E-05	1.394715454E-10
42	4.2E-05	1.414673934E-10
41	4.1E-05	1.437501229E-10
40	4E-05	1.466187727E-10
39	3.9E-05	1.501466035E-10
38	3.8E-05	1.542908856E-10
37	3.7E-05	1.591920207E-10
36	3.6E-05	1.64416647E-10
35	3.5E-05	1.710145359E-10
34	3.4E-05	1.78643933E-10
33	3.3E-05	1.869508159E-10
32	3.2E-05	1.951539624E-10
31	3.1E-05	1.999940491E-10
30	3E-05	1.999940491E-10
29	2.9E-05	1.999940491E-10
28	2.8E-05	1.999940491E-10
27	2.7E-05	1.999940491E-10
26	2.6E-05	1.999940491E-10
25	2.5E-05	1.999940491E-10
24	2.4E-05	1.999940491E-10
23	2.3E-05	1.999940491E-10
22	2.2E-05	1.999940491E-10
21	2.1E-05	1.999940491E-10
20	2E-05	1.999940491E-10
19	1.9E-05	1.999940491E-10
18	1.8E-05	1.999940491E-10
17	1.7E-05	1.999940491E-10
16	1.6E-05	1.999940491E-10
15	1.5E-05	1.999940491E-10
14	1.4E-05	1.999940491E-10
13	1.3E-05	1.999940491E-10
12	1.2E-05	1.999940491E-10
11	1.1E-05	1.999940491E-10
10	1E-05	1.999940491E-10
9	9E-06	1.999940491E-10
8	8E-06	1.999940491E-10
7	7E-06	1.999940491E-10
6	6E-06	1.999940491E-10
5	5E-06	1.999940491E-10
4	4E-06	1.999940491E-10
3	3E-06	1.999940491E-10
2	2E-06	1.999940491E-10
1	1E-06	1.999940491E-10
0	0	1.999940491E-10
0	0	1.999940491E-10
1	1E-06	1.999940491E-10
2	2E-06	1.999940491E-10
3	3E-06	1.999940491E-10
4	4E-06	1.999940491E-10
5	5E-06	1.999940491E-10
6	6E-06	1.999940491E-10
7	7E-06	1.999940491E-10
8	8E-06	1.999940491E-10
9	9E-06	1.999940491E-10
10	1E-05	1.999940491E-10
11	1.1E-05	1.999940491E-10
12	1.2E-05	1.999940491E-10
13	1.3E-05	1.999940491E-10
14	1.4E-05	1.999940491E-10
15	1.5E-05	1.999940491E-10
16	1.6E-05	1.999940491E-10
17	1.7E-05	1.999940491E-10
18	1.8E-05	1.999940491E-10
19	1.9E-05	1.999940491E-10
20	2E-05	1.999940491E-10
21	2.1E-05	1.999940491E-10
22	2.2E-05	1.999940491E-10
23	2.3E-05	1.999940491E-10
24	2.4E-05	1.999940491E-10
25	2.5E-05	1.999940491E-10
26	2.6E-05	1.999940491E-10
27	2.7E-05	1.999940491E-10
28	2.8E-05	1.999940491E-10
29	2.9E-05	1.999940491E-10
30	3E-05	1.999940491E-10
31	3.1E-05	1.999940491E-10
32	3.2E-05	1.999940491E-10
33	3.3E-05	1.999940491E-10
34	3.4E-05	1.999940491E-10
35	3.5E-05	1.999940491E-10
36	3.6E-05	1.999940491E-10
37	3.7E-05	1.999940491E-10
38	3.8E-05	1.999940491E-10
39	3.9E-05	1.999940491E-10
40	4E-05	1.999940491E-10
41	4.1E-05	1.999940491E-10
42	4.2E-05	1.999940491E-10
43	4.3E-05	1.999940491E-10
44	4.4E-05	1.999940491E-10
45	4.5E-05	1.999940491E-10
46	4.6E-05	1.999940491E-10
47	4.7E-05	1.999940491E-10
48	4.8E-05	1.999940491E-10
49	4.9E-05	1.999940491E-10
50	5E-05	1.999940491E-10
50	5E-05	1.339783839E-10
49	4.9E-05	1.332825794E-10
48	4.8E-05	1.341920047E-10
47	4.7E-05	1.353943901E-10
46	4.6E-05	1.369080682E-10
45	4.5E-05	1.388978099E-10
44	4.4E-05	1.40728873E-10
43	4.3E-05	1.429261293E-10
42	4.2E-05	1.455750659E-10
41	4.1E-05	1.48407106E-10
40	4E-05	1.521729687E-10
39	3.9E-05	1.571900665E-10
38	3.8E-05	1.624268775E-10
37	3.7E-05	1.689881707E-10
36	3.6E-05	1.756898377E-10
35	3.5E-05	1.836305136E-10
34	3.4E-05	1.923219362E-10
33	3.3E-05	1.999940491E-10
32	3.2E-05	1.999940491E-10
31	3.1E-05	1.999940491E-10
30	3E-05	1.999940491E-10
29	2.9E-05	1.999940491E-10
28	2.8E-05	1.999940491E-10
27	2.7E-05	1.999940491E-10
26	2.6E-05	1.999940491E-10
25	2.5E-05	1.999940491E-10
24	2.4E-05	1.999940491E-10
23	2.3E-05	1.999940491E-10
22	2.2E-05	1.999940491E-10
21	2.1E-05	1.999940491E-10
20	2E-05	1.999940491E-10
19	1.9E-05	1.999940491E-10
18	1.8E-05	1.999940491E-10
17	1.7E-05	1.999940491E-10
16	1.6E-05	1.999940491E-10
15	1.5E-05	1.999940491E-10
14	1.4E-05	1.999940491E-10
13	1.3E-05	1.999940491E-10
12	1.2E-05	1.999940491E-10
11	1.1E-05	1.999940491E-10
10	1E-05	1.999940491E-10
9	9E-06	1.999940491E-10
8	8E-06	1.999940491E-10
7	7E-06	1.999940491E-10
6	6E-06	1.999940491E-10
5	5E-06	1.999940491E-10
4	4E-06	1.999940491E-10
3	3E-06	1.999940491E-10
2	2E-06	1.999940491E-10
1	1E-06	1.999940491E-10
0	0	1.999940491E-10
0	0	1.999940491E-10
1	1E-06	1.999940491E-10
2	2E-06	1.999940491E-10
3	3E-06	1.999940491E-10
4	4E-06	1.999940491E-10
5	5E-06	1.999940491E-10
6	6E-06	1.999940491E-10
7	7E-06	1.999940491E-10
8	8E-06	1.999940491E-10
9	9E-06	1.999940491E-10
10	1E-05	1.999940491E-10
11	1.1E-05	1.999940491E-10
12	1.2E-05	1.999940491E-10
13	1.3E-05	1.999940491E-10
14	1.4E-05	1.999940491E-10
15	1.5E-05	1.999940491E-10
16	1.6E-05	1.999940491E-10
17	1.7E-05	1.999940491E-10
18	1.8E-05	1.999940491E-10
19	1.9E-05	1.999940491E-10
20	2E-05	1.999940491E-10
21	2.1E-05	1.999940491E-10
22	2.2E-05	1.999940491E-10
23	2.3E-05	1.999940491E-10
24	2.4E-05	1.999940491E-10
25	2.5E-05	1.999940491E-10
26	2.6E-05	1.999940491E-10
27	2.7E-05	1.999940491E-10
28	2.8E-05	1.999940491E-10
29	2.9E-05	1.999940491E-10
30	3E-05	1.999940491E-10
31	3.1E-05	1.999940491E-10
32	3.2E-05	1.999940491E-10
33	3.3E-05	1.999940491E-10
34	3.4E-05	1.999940491E-10
35	3.5E-05	1.999940491E-10
36	3.6E-05	1.999940491E-10
37	3.7E-05	1.999940491E-10
38	3.8E-05	1.999940491E-10
39	3.9E-05	1.999940491E-10
40	4E-05	1.999940491E-10
41	4.1E-05	1.999940491E-10
42	4.2E-05	1.999940491E-10
43	4.3E-05	1.999940491E-10
44	4.4E-05	1.999940491E-10
45	4.5E-05	1.999940491E-10
46	4.6E-05	1.999940491E-10
47	4.7E-05	1.999940491E-10
48	4.8E-05	1.999940491E-10
49	4.9E-05	1.999940491E-10
50	5E-05	1.999940491E-10
50	5E-05	1.365540597E-10
49	4.9E-05	1.358094331E-10
48	4.8E-05	1.368165164E-10
47	4.7E-05	1.381775944E-10
46	4.6E-05	1.397462007E-10
45	4.5E-05	1.422791607E-10
44	4.4E-05	1.44531373E-10
43	4.3E-05	1.473267758E-10
42	4.2E-05	1.507569486E-10
41	4.1E-05	1.548157852E-10
40	4E-05	1.595094057E-10
39	3.9E-05	1.656373372E-10
38	3.8E-05	1.724366622E-10
37	3.7E-05	1.805177119E-10
36	3.6E-05	1.882203698E-10
35	3.5E-05	1.968019081E-10
34	3.4E-05	1.999940491E-10
33	3.3E-05	1.999940491E-10
32	3.2E-05	1.999940491E-10
31	3.1E-05	1.999940491E-10
30	3E-05	1.999940491E-10
29	2.9E-05	1.999940491E-10
28	2.8E-05	1.999940491E-10
27	2.7E-05	1.999940491E-10
26	2.6E-05	1.999940491E-10
25	2.5E-05	1.999940491E-10
24	2.4E-05	1.999940491E-10
23	2.3E-05	1.999940491E-10
22	2.2E-05	1.999940491E-10
21	2.1E-05	1.999940491E-10
20	2E-05	1.999940491E-10
19	1.9E-05	1.999940491E-10
18	1.8E-05	1.999940491E-10
17	1.7E-05	1.999940491E-10
16	1.6E-05	1.999940491E-10
15	1.5E-05	1.999940491E-10
14	1.4E-05	1.999940491E-10
13	1.3E-05	1.999940491E-10
12	1.2E-05	1.999940491E-10
11	1.1E-05	1.999940491E-10
10	1E-05	1.999940491E-10
9	9E-06	1.999940491E-10
8	8E-06	1.999940491E-10
7	7E-06	1.999940491E-10
6	6E-06	1.999940491E-10
5	5E-06	1.999940491E-10
4	4E-06	1.999940491E-10
3	3E-06	1.999940491E-10
2	2E-06	1.999940491E-10
1	1E-06	1.999940491E-10
0	0	1.999940491E-10
0	0	1.999940491E-10
1	1E-06	1.999940491E-10
2	2E-06	1.999940491E-10
3	3E-06	1.999940491E-10
4	4E-06	1.999940491E-10
5	5E-06	1.999940491E-10
6	6E-06	1.999940491E-10
7	7E-06	1.999940491E-10
8	8E-06	1.999940491E-10
9	9E-06	1.999940491E-10
10	1E-05	1.999940491E-10
11	1.1E-05	1.999940491E-10
12	1.2E-05	1.999940491E-10
13	1.3E-05	1.999940491E-10
14	1.4E-05	1.999940491E-10
15	1.5E-05	1.999940491E-10
16	1.6E-05	1.999940491E-10
17	1.7E-05	1.999940491E-10
18	1.8E-05	1.999940491E-10
19	1.9E-05	1.999940491E-10
20	2E-05	1.999940491E-10
21	2.1E-05	1.999940491E-10
22	2.2E-05	1.999940491E-10
23	2.3E-05	1.999940491E-10
24	2.4E-05	1.999940491E-10
25	2.5E-05	1.999940491E-10
26	2.6E-05	1.999940491E-10
27	2.7E-05	1.999940491E-10
28	2.8E-05	1.999940491E-10
29	2.9E-05	1.999940491E-10
30	3E-05	1.999940491E-10
31	3.1E-05	1.999940491E-10
32	3.2E-05	1.999940491E-10
33	3.3E-05	1.999940491E-10
34	3.4E-05	1.999940491E-10
35	3.5E-05	1.999940491E-10
36	3.6E-05	1.999940491E-10
37	3.7E-05	1.999940491E-10
38	3.8E-05	1.999940491E-10
39	3.9E-05	1.999940491E-10
40	4E-05	1.999940491E-10
41	4.1E-05	1.999940491E-10
42	4.2E-05	1.999940491E-10
43	4.3E-05	1.999940491E-10
44	4.4E-05	1.999940491E-10
45	4.5E-05	1.999940491E-10
46	4.6E-05	1.999940491E-10
47	4.7E-05	1.999940491E-10
48	4.8E-05	1.999940491E-10
49	4.9E-05	1.999940491E-10
50	5E-05	1.999940491E-10
50	5E-05	1.392701232E-10
49	4.9E-05	1.383668041E-10
48	4.8E-05	1.3967906E-10
47	4.7E-05	1.412842898E-10
46	4.6E-05	1.434022068E-10
45	4.5E-05	1.463074939E-10
44	4.4E-05	1.491456264E-10
43	4.3E-05	1.531129112E-10
42	4.2E-05	1.576295205E-10
41	4.1E-05	1.631043911E-10
40	4E-05	1.691895929E-10
39	3.9E-05	1.768495073E-10
38	3.8E-05	1.852784592E-10
37	3.7E-05	1.940065053E-10
36	3.6E-05	1.999940491E-10
35	3.5E-05	1.999940491E-10
34	3.4E-05	1.999940491E-10
33	3.3E-05	1.999940491E-10
32	3.2E-05	1.999940491E-10
31	3.1E-05	1.999940491E-10
30	3E-05	1.999940491E-10
29	2.9E-05	1.999940491E-10
28	2.8E-05	1.999940491E-10
27	2.7E-05	1.999940491E-10
26	2.6E-05	1.999940491E-10
25	2.5E-05	1.999940491E-10
24	2.4E-05	1.999940491E-10
23	2.3E-05	1.999940491E-10
22	2.2E-05	1.999940491E-10
21	2.1E-05	1.999940491E-10
20	2E-05	1.999940491E-10
19	1.9E-05	1.999940491E-10
18	1.8E-05	1.999940491E-10
17	1.7E-05	1.999940491E-10
16	1.6E-05	1.999940491E-10
15	1.5E-05	1.999940491E-10
14	1.4E-05	1.999940491E-10
13	1.3E-05	1.999940491E-10
12	1.2E-05	1.999940491E-10
11	1.1E-05	1.999940491E-10
10	1E-05	1.999940491E-10
9	9E-06	1.999940491E-10
8	8E-06	1.999940491E-10
7	7E-06	1.999940491E-10
6	6E-06	1.999940491E-10
5	5E-06	1.999940491E-10
4	4E-06	1.999940491E-10
3	3E-06	1.999940491E-10
2	2E-06	1.999940491E-10
1	1E-06	1.999940491E-10
0	0	1.999940491E-10
0	0	1.999940491E-10
1	1E-06	1.999940491E-10
2	2E-06	1.999940491E-10
3	3E-06	1.999940491E-10
4	4E-06	1.999940491E-10
5	5E-06	1.999940491E-10
6	6E-06	1.999940491E-10
7	7E-06	1.999940491E-10
8	8E-06	1.999940491E-10
9	9E-06	1.999940491E-10
10	1E-05	1.999940491E-10
11	1.1E-05	1.999940491E-10
12	1.2E-05	1.999940491E-10
13	1.3E-05	1.999940491E-10
14	1.4E-05	1.999940491E-10
15	1.5E-05	1.999940491E-10
16	1.6E-05	1.999940491E-10
17	1.7E-05	1.999940491E-10
18	1.8E-05	1.999940491E-10
19	1.9E-05	1.999940491E-10
20	2E-05	1.999940491E-10
21	2.1E-05	1.999940491E-10
22	2.2E-05	1.999940491E-10
23	2.3E-05	1.999940491E-10
24	2.4E-05	1.999940491E-10
25	2.5E-05	1.999940491E-10
26	2.6E-05	1.999940491E-10
27	2.7E-05	1.999940491E-10
28	2.8E-05	1.999940491E-10
29	2.9E-05	1.999940491E-10
30	3E-05	1.999940491E-10
31	3.1E-05	1.999940491E-10
32	3.2E-05	1.999940491E-10
33	3.3E-05	1.999940491E-10
34	3.4E-05	1.999940491E-10
35	3.5E-05	1.999940491E-10
36	3.6E-05	1.999940491E-10
37	3.7E-05	1.999940491E-10
38	3.8E-05	1.999940491E-10
39	3.9E-05	1.999940491E-10
40	4E-05	1.999940491E-10
41	4.1E-05	1.999940491E-10
42	4.2E-05	1.999940491E-10
43	4.3E-05	1.999940491E-10
44	4.4E-05	1.999940491E-10
45	4.5E-05	1.999940491E-10
46	4.6E-05	1.999940491E-10
47	4.7E-05	1.999940491E-10
48	4.8E-05	1.999940491E-10
49	4.9E-05	1.999940491E-10
50	5E-05	1.999940491E-10
50	5E-05	1.429749652E-10
49	4.9E-05	1.425904395E-10
48	4.8E-05	1.436829683E-10
47	4.7E-05	1.456116894E-10
46	4.6E-05	1.482117901E-10
45	4.5E-05	1.52252308E-10
44	4.4E-05	1.557801527E-10
43	4.3E-05	1.609437167E-10
42	4.2E-05	1.670167338E-10
41	4.1E-05	1.7365126E-10
40	4E-05	1.806702982E-10
39	3.9E-05	1.894776974E-10
38	3.8E-05	1.983827269E-10
37	3.7E-05	1.999940491E-10
36	3.6E-05	1.999940491E-10
35	3.5E-05	1.999940491E-10
34	3.4E-05	1.999940491E-10
33	3.3E-05	1.999940491E-10
32	3.2E-05	1.999940491E-10
31	3.1E-05	1.999940491E-10
30	3E-05	1.999940491E-10
29	2.9E-05	1.999940491E-10
28	2.8E-05	1.999940491E-10
27	2.7E-05	1.999940491E-10
26	2.6E-05	1.999940491E-10
25	2.5E-05	1.999940491E-10
24	2.4E-05	1.999940491E-10
23	2.3E-05	1.999940491E-10
22	2.2E-05	1.999940491E-10
21	2.1E-05	1.999940491E-10
20	2E-05	1.999940491E-10
19	1.9E-05	1.999940491E-10
18	1.8E-05	1.999940491E-10
17	1.7E-05	1.999940491E-10
16	1.6E-05	1.999940491E-10
15	1.5E-05	1.999940491E-10
14	1.4E-05	1.999940491E-10
13	1.3E-05	1.999940491E-10
12	1.2E-05	1.999940491E-10
11	1.1E-05	1.999940491E-10
10	1E-05	1.999940491E-10
9	9E-06	1.999940491E-10
8	8E-06	1.999940491E-10
7	7E-06	1.999940491E-10
6	6E-06	1.999940491E-10
5	5E-06	1.999940491E-10
4	4E-06	1.999940491E-10
3	3E-06	1.999940491E-10
2	2E-06	1.999940491E-10
1	1E-06	1.999940491E-10
0	0	1.999940491E-10
0	0	1.999940491E-10
1	1E-06	1.999940491E-10
2	2E-06	1.999940491E-10
3	3E-06	1.999940491E-10
4	4E-06	1.999940491E-10
5	5E-06	1.999940491E-10
6	6E-06	1.999940491E-10
7	7E-06	1.999940491E-10
8	8E-06	1.999940491E-10
9	9E-06	1.999940491E-10
10	1E-05	1.999940491E-10
11	1.1E-05	1.999940491E-10
12	1.2E-05	1.999940491E-10
13	1.3E-05	1.999940491E-10
14	1.4E-05	1.999940491E-10
15	1.5E-05	1.999940491E-10
16	1.6E-05	1.999940491E-10
17	1.7E-05	1.999940491E-10
18	1.8E-05	1.999940491E-10
19	1.9E-05	1.999940491E-10
20	2E-05	1.999940491E-10
21	2.1E-05	1.999940491E-10
22	2.2E-05	1.999940491E-10
23	2.3E-05	1.999940491E-10
24	2.4E-05	1.999940491E-10
25	2.5E-05	1.999940491E-10
26	2.6E-05	1.999940491E-10
27	2.7E-05	1.999940491E-10
28	2.8E-05	1.999940491E-10
29	2.9E-05	1.999940491E-10
30	3E-05	1.999940491E-10
31	3.1E-05	1.999940491E-10
32	3.2E-05	1.999940491E-10
33	3.3E-05	1.999940491E-10
34	3.4E-05	1.999940491E-10
35	3.5E-05	1.999940491E-10
36	3.6E-05	1.999940491E-10
37	3.7E-05	1.999940491E-10
38	3.8E-05	1.999940491E-10
39	3.9E-05	1.999940491E-10
40	4E-05	1.999940491E-10
41	4.1E-05	1.999940491E-10
42	4.2E-05	1.999940491E-10
43	4.3E-05	1.999940491E-10
44	4.4E-05	1.999940491E-10
45	4.5E-05	1.999940491E-10
46	4.6E-05	1.999940491E-10
47	4.7E-05	1.999940491E-10
48	4.8E-05	1.999940491E-10
49	4.9E-05	1.999940491E-10
50	5E-05	1.999940491E-10
50	5E-05	1.480775086E-10
49	4.9E-05	1.472291178E-10
48	4.8E-05	1.487733131E-10
47	4.7E-05	1.512452386E-10
46	4.6E-05	1.547425521E-10
45	4.5E-05	1.598450955E-10
44	4.4E-05	1.647279257E-10
43	4.3E-05	1.70849751E-10
42	4.2E-05	1.779542347E-10
41	4.1E-05	1.858704995E-10
40	4E-05	1.940248101E-10
39	3.9E-05	1.999940491E-10
38	3.8E-05	1.999940491E-10
37	3.7E-05	1.999940491E-10
36	3.6E-05	1.999940491E-10
35	3.5E-05	1.999940491E-10
34	3.4E-05	1.999940491E-10
33	3.3E-05	1.999940491E-10
32	3.2E-05	1.999940491E-10
31	3.1E-05	1.999940491E-10
30	3E-05	1.999940491E-10
29	2.9E-05	1.999940491E-10
28	2.8E-05	1.999940491E-10
27	2.7E-05	1.999940491E-10
26	2.6E-05	1.999940491E-10
25	2.5E-05	1.999940491E-10
24	2.4E-05	1.999940491E-10
23	2.3E-05	1.999940491E-10
22	2.2E-05	1.999940491E-10
21	2.1E-05	1.999940491E-10
20	2E-05	1.999940491E-10
19	1.9E-05	1.999940491E-10
18	1.8E-05	1.999940491E-10
17	1.7E-05	1.999940491E-10
16	1.6E-05	1.999940491E-10
15	1.5E-05	1.999940491E-10
14	1.4E-05	1.999940491E-10
13	1.3E-05	1.999940491E-10
12	1.2E-05	1.999940491E-10
11	1.1E-05	1.999940491E-10
10	1E-05	1.999940491E-10
9	9E-06	1.999940491E-10
8	8E-06	1.999940491E-10
7	7E-06	1.999940491E-10
6	6E-06	1.999940491E-10
5	5E-06	1.999940491E-10
4	4E-06	1.999940491E-10
3	3E-06	1.999940491E-10
2	2E-06	1.999940491E-10
1	1E-06	1.999940491E-10
0	0	1.999940491E-10
0	0	1.999940491E-10
1	1E-06	1.999940491E-10
2	2E-06	1.999940491E-10
3	3E-06	1.999940491E-10
4	4E-06	1.999940491E-10
5	5E-06	1.999940491E-10
6	6E-06	1.999940491E-10
7	7E-06	1.999940491E-10
8	8E-06	1.999940491E-10
9	9E-06	1.999940491E-10
10	1E-05	1.999940491E-10
11	1.1E-05	1.999940491E-10
12	1.2E-05	1.999940491E-10
13	1.3E-05	1.999940491E-10
14	1.4E-05	1.999940491E-10
15	1.5E-05	1.999940491E-10
16	1.6E-05	1.999940491E-10
17	1.7E-05	1.999940491E-10
18	1.8E-05	1.999940491E-10
19	1.9E-05	1.999940491E-10
20	2E-05	1.999940491E-10
21	2.1E-05	1.999940491E-10
22	2.2E-05	1.999940491E-10
23	2.3E-05	1.999940491E-10
24	2.4E-05	1.999940491E-10
25	2.5E-05	1.999940491E-10
26	2.6E-05	1.999940491E-10
27	2.7E-05	1.999940491E-10
28	2.8E-05	1.999940491E-10
29	2.9E-05	1.999940491E-10
30	3E-05	1.999940491E-10
31	3.1E-05	1.999940491E-10
32	3.2E-05	1.999940491E-10
33	3.3E-05	1.999940491E-10
34	3.4E-05	1.999940491E-10
35	3.5E-05	1.999940491E-10
36	3.6E-05	1.999940491E-10
37	3.7E-05	1.999940491E-10
38	3.8E-05	1.999940491E-10
39	3.9E-05	1.999940491E-10
40	4E-05	1.999940491E-10
41	4.1E-05	1.999940491E-10
42	4.2E-05	1.999940491E-10
43	4.3E-05	1.999940491E-10
44	4.4E-05	1.999940491E-10
45	4.5E-05	1.999940491E-10
46	4.6E-05	1.999940491E-10
47	4.7E-05	1.999940491E-10
48	4.8E-05	1.999940491E-10
49	4.9E-05	1.999940491E-10
50	5E-05	1.999940491E-10
50	5E-05	1.524537302E-10
49	4.9E-05	1.517396209E-10
48	4.8E-05	1.534180838E-10
47	4.7E-05	1.56909305E-10
46	4.6E-05	1.613404549E-10
45	4.5E-05	1.678468198E-10
44	4.4E-05	1.740785016E-10
43	4.3E-05	1.812684447E-10
42	4.2E-05	1.89709623E-10
41	4.1E-05	1.986695947E-10
40	4E-05	1.999940491E-10
39	3.9E-05	1.999940491E-10
38	3.8E-05	1.999940491E-10
37	3.7E-05	1.999940491E-10
36	3.6E-05	1.999940491E-10
35	3.5E-05	1.999940491E-10
34	3.4E-05	1.999940491E-10
33	3.3E-05	1.999940491E-10
32	3.2E-05	1.999940491E-10
31	3.1E-05	1.999940491E-10
30	3E-05	1.999940491E-10
29	2.9E-05	1.999940491E-10
28	2.8E-05	1.999940491E-10
27	2.7E-05	1.999940491E-10
26	2.6E-05	1.999940491E-10
25	2.5E-05	1.999940491E-10
24	2.4E-05	1.999940491E-10
23	2.3E-05	1.999940491E-10
22	2.2E-05	1.999940491E-10
21	2.1E-05	1.999940491E-10
20	2E-05	1.999940491E-10
19	1.9E-05	1.999940491E-10
18	1.8E-05	1.999940491E-10
17	1.7E-05	1.999940491E-10
16	1.6E-05	1.999940491E-10
15	1.5E-05	1.999940491E-10
14	1.4E-05	1.999940491E-10
13	1.3E-05	1.999940491E-10
12	1.2E-05	1.999940491E-10
11	1.1E-05	1.999940491E-10
10	1E-05	1.999940491E-10
9	9E-06	1.999940491E-10
8	8E-06	1.999940491E-10
7	7E-06	1.999940491E-10
6	6E-06	1.999940491E-10
5	5E-06	1.999940491E-10
4	4E-06	1.999940491E-10
3	3E-06	1.999940491E-10
2	2E-06	1.999940491E-10
1	1E-06	1.999940491E-10
0	0	1.999940491E-10
0	0	1.999940491E-10
1	1E-06	1.999940491E-10
2	2E-06	1.999940491E-10
3	3E-06	1.999940491E-10
4	4E-06	1.999940491E-10
5	5E-06	1.999940491E-10
6	6E-06	1.999940491E-10
7	7E-06	1.999940491E-10
8	8E-06	1.999940491E-10
9	9E-06	1.999940491E-10
10	1E-05	1.999940491E-10
11	1.1E-05	1.999940491E-10
12	1.2E-05	1.999940491E-10
13	1.3E-05	1.999940491E-10
14	1.4E-05	1.999940491E-10
15	1.5E-05	1.999940491E-10
16	1.6E-05	1.999940491E-10
17	1.7E-05	1.999940491E-10
18	1.8E-05	1.999940491E-10
19	1.9E-05	1.999940491E-10
20	2E-05	1.999940491E-10
21	2.1E-05	1.999940491E-10
22	2.2E-05	1.999940491E-10
23	2.3E-05	1.999940491E-10
24	2.4E-05	1.999940491E-10
25	2.5E-05	1.999940491E-10
26	2.6E-05	1.999940491E-10
27	2.7E-05	1.999940491E-10
28	2.8E-05	1.999940491E-10
29	2.9E-05	1.999940491E-10
30	3E-05	1.999940491E-10
31	3.1E-05	1.999940491E-10
32	3.2E-05	1.999940491E-10
33	3.3E-05	1.999940491E-10
34	3.4E-05	1.999940491E-10
35	3.5E-05	1.999940491E-10
36	3.6E-05	1.999940491E-10
37	3.7E-05	1.999940491E-10
38	3.8E-05	1.999940491E-10
39	3.9E-05	1.999940491E-10
40	4E-05	1.999940491E-10
41	4.1E-05	1.999940491E-10
42	4.2E-05	1.999940491E-10
43	4.3E-05	1.999940491E-10
44	4.4E-05	1.999940491E-10
45	4.5E-05	1.999940491E-10
46	4.6E-05	1.999940491E-10
47	4.7E-05	1.999940491E-10
48	4.8E-05	1.999940491E-10
49	4.9E-05	1.999940491E-10
50	5E-05	1.999940491E-10
50	5E-05	1.590943627E-10
49	4.9E-05	1.583558423E-10
48	4.8E-05	1.606385441E-10
47	4.7E-05	1.650208858E-10
46	4.6E-05	1.710633718E-10
45	4.5E-05	1.785584874E-10
44	4.4E-05	1.854981863E-10
43	4.3E-05	1.941407868E-10
42	4.2E-05	1.999940491E-10
41	4.1E-05	1.999940491E-10
40	4E-05	1.999940491E-10
39	3.9E-05	1.999940491E-10
38	3.8E-05	1.999940491E-10
37	3.7E-05	1.999940491E-10
36	3.6E-05	1.999940491E-10
35	3.5E-05	1.999940491E-10
34	3.4E-05	1.999940491E-10
33	3.3E-05	1.999940491E-10
32	3.2E-05	1.999940491E-10
31	3.1E-05	1.999940491E-10
30	3E-05	1.999940491E-10
29	2.9E-05	1.999940491E-10
28	2.8E-05	1.999940491E-10
27	2.7E-05	1.999940491E-10
26	2.6E-05	1.999940491E-10
25	2.5E-05	1.999940491E-10
24	2.4E-05	1.999940491E-10
23	2.3E-05	1.999940491E-10
22	2.2E-05	1.999940491E-10
21	2.1E-05	1.999940491E-10
20	2E-05	1.999940491E-10
19	1.9E-05	1.999940491E-10
18	1.8E-05	1.999940491E-10
17	1.7E-05	1.999940491E-10
16	1.6E-05	1.999940491E-10
15	1.5E-05	1.999940491E-10
14	1.4E-05	1.999940491E-10
13	1.3E-05	1.999940491E-10
12	1.2E-05	1.999940491E-10
11	1.1E-05	1.999940491E-10
10	1E-05	1.999940491E-10
9	9E-06	1.999940491E-10
8	8E-06	1.999940491E-10
7	7E-06	1.999940491E-10
6	6E-06	1.999940491E-10
5	5E-06	1.999940491E-10
4	4E-06	1.999940491E-10
3	3E-06	1.999940491E-10
2	2E-06	1.999940491E-10
1	1E-06	1.999940491E-10
0	0	1.999940491E-10
0	0	1.999940491E-10
1	1E-06	1.999940491E-10
2	2E-06	1.999940491E-10
3	3E-06	1.999940491E-10
4	4E-06	1.999940491E-10
5	5E-06	1.999940491E-10
6	6E-06	1.999940491E-10
7	7E-06	1.999940491E-10
8	8E-06	1.999940491E-10
9	9E-06	1.999940491E-10
10	1E-05	1.999940491E-10
11	1.1E-05	1.999940491E-10
12	1.2E-05	1.999940491E-10
13	1.3E-05	1.999940491E-10
14	1.4E-05	1.999940491E-10
15	1.5E-05	1.999940491E-10
16	1.6E-05	1.999940491E-10
17	1.7E-05	1.999940491E-10
18	1.8E-05	1.999940491E-10
19	1.9E-05	1.999940491E-10
20	2E-05	1.999940491E-10
21	2.1E-05	1.999940491E-10
22	2.2E-05	1.999940491E-10
23	2.3E-05	1.999940491E-10
24	2.4E-05	1.999940491E-10
25	2.5E-05	1.999940491E-10
26	2.6E-05	1.999940491E-10
27	2.7E-05	1.999940491E-10
28	2.8E-05	1.999940491E-10
29	2.9E-05	1.999940491E-10
30	3E-05	1.999940491E-10
31	3.1E-05	1.999940491E-10
32	3.2E-05	1.999940491E-10
33	3.3E-05	1.999940491E-10
34	3.4E-05	1.999940491E-10
35	3.5E-05	1.999940491E-10
36	3.6E-05	1.999940491E-10
37	3.7E-05	1.999940491E-10
38	3.8E-05	1.999940491E-10
39	3.9E-05	1.999940491E-10
40	4E-05	1.999940491E-10
41	4.1E-05	1.999940491E-10
42	4.2E-05	1.999940491E-10
43	4.3E-05	1.999940491E-10
44	4.4E-05	1.999940491E-10
45	4.5E-05	1.999940491E-10
46	4.6E-05	1.999940491E-10
47	4.7E-05	1.999940491E-10
48	4.8E-05	1.999940491E-10
49	4.9E-05	1.999940491E-10
50	5E-05	1.999940491E-10
50	5E-05	1.657105841E-10
49	4.9E-05	1.650941328E-10
48	4.8E-05	1.680665468E-10
47	4.7E-05	1.735597083E-10
46	4.6E-05	1.807923672E-10
45	4.5E-05	1.896424962E-10
44	4.4E-05	1.973756436E-10
43	4.3E-05	1.999940491E-10
42	4.2E-05	1.999940491E-10
41	4.1E-05	1.999940491E-10
40	4E-05	1.999940491E-10
39	3.9E-05	1.999940491E-10
38	3.8E-05	1.999940491E-10
37	3.7E-05	1.999940491E-10
36	3.6E-05	1.999940491E-10
35	3.5E-05	1.999940491E-10
34	3.4E-05	1.999940491E-10
33	3.3E-05	1.999940491E-10
32	3.2E-05	1.999940491E-10
31	3.1E-05	1.999940491E-10
30	3E-05	1.999940491E-10
29	2.9E-05	1.999940491E-10
28	2.8E-05	1.999940491E-10
27	2.7E-05	1.999940491E-10
26	2.6E-05	1.999940491E-10
25	2.5E-05	1.999940491E-10
24	2.4E-05	1.999940491E-10
23	2.3E-05	1.999940491E-10
22	2.2E-05	1.999940491E-10
21	2.1E-05	1.999940491E-10
20	2E-05	1.999940491E-10
19	1.9E-05	1.999940491E-10
18	1.8E-05	1.999940491E-10
17	1.7E-05	1.999940491E-10
16	1.6E-05	1.999940491E-10
15	1.5E-05	1.999940491E-10
14	1.4E-05	1.999940491E-10
13	1.3E-05	1.999940491E-10
12	1.2E-05	1.999940491E-10
11	1.1E-05	1.999940491E-10
10	1E-05	1.999940491E-10
9	9E-06	1.999940491E-10
8	8E-06	1.999940491E-10
7	7E-06	1.999940491E-10
6	6E-06	1.999940491E-10
5	5E-06	1.999940491E-10
4	4E-06	1.999940491E-10
3	3E-06	1.999940491E-10
2	2E-06	1.999940491E-10
1	1E-06	1.999940491E-10
0	0	1.999940491E-10
0	0	1.999940491E-10
1	1E-06	1.999940491E-10
2	2E-06	1.999940491E-10
3	3E-06	1.999940491E-10
4	4E-06	1.999940491E-10
5	5E-06	1.999940491E-10
6	6E-06	1.999940491E-10
7	7E-06	1.999940491E-10
8	8E-06	1.999940491E-10
9	9E-06	1.999940491E-10
10	1E-05	1.999940491E-10
11	1.1E-05	1.999940491E-10
12	1.2E-05	1.999940491E-10
13	1.3E-05	1.999940491E-10
14	1.4E-05	1.999940491E-10
15	1.5E-05	1.999940491E-10
16	1.6E-05	1.999940491E-10
17	1.7E-05	1.999940491E-10
18	1.8E-05	1.999940491E-10
19	1.9E-05	1.999940491E-10
20	2E-05	1.999940491E-10
21	2.1E-05	1.999940491E-10
22	2.2E-05	1.999940491E-10
23	2.3E-05	1.999940491E-10
24	2.4E-05	1.999940491E-10
25	2.5E-05	1.999940491E-10
26	2.6E-05	1.999940491E-10
27	2.7E-05	1.999940491E-10
28	2.8E-05	1.999940491E-10
29	2.9E-05	1.999940491E-10
30	3E-05	1.999940491E-10
31	3.1E-05	1.999940491E-10
32	3.2E-05	1.999940491E-10
33	3.3E-05	1.999940491E-10
34	3.4E-05	1.999940491E-10
35	3.5E-05	1.999940491E-10
36	3.6E-05	1.999940491E-10
37	3.7E-05	1.999940491E-10
38	3.8E-05	1.999940491E-10
39	3.9E-05	1.999940491E-10
40	4E-05	1.999940491E-10
41	4.1E-05	1.999940491E-10
42	4.2E-05	1.999940491E-10
43	4.3E-05	1.999940491E-10
44	4.4E-05	1.999940491E-10
45	4.5E-05	1.999940491E-10
46	4.6E-05	1.999940491E-10
47	4.7E-05	1.999940491E-10
48	4.8E-05	1.999940491E-10
49	4.9E-05	1.999940491E-10
50	5E-05	1.999940491E-10
50	5E-05	1.749940332E-10
49	4.9E-05	1.740479844E-10
48	4.8E-05	1.774110303E-10
47	4.7E-05	1.844666919E-10
46	4.6E-05	1.927674964E-10
45	4.5E-05	1.999940491E-10
44	4.4E-05	1.999940491E-10
43	4.3E-05	1.999940491E-10
42	4.2E-05	1.999940491E-10
41	4.1E-05	1.999940491E-10
40	4E-05	1.999940491E-10
39	3.9E-05	1.999940491E-10
38	3.8E-05	1.999940491E-10
37	3.7E-05	1.999940491E-10
36	3.6E-05	1.999940491E-10
35	3.5E-05	1.999940491E-10
34	3.4E-05	1.999940491E-10
33	3.3E-05	1.999940491E-10
32	3.2E-05	1.999940491E-10
31	3.1E-05	1.999940491E-10
30	3E-05	1.999940491E-10
29	2.9E-05	1.999940491E-10
28	2.8E-05	1.999940491E-10
27	2.7E-05	1.999940491E-10
26	2.6E-05	1.999940491E-10
25	2.5E-05	1.999940491E-10
24	2.4E-05	1.999940491E-10
23	2.3E-05	1.999940491E-10
22	2.2E-05	1.999940491E-10
21	2.1E-05	1.999940491E-10
20	2E-05	1.999940491E-10
19	1.9E-05	1.999940491E-10
18	1.8E-05	1.999940491E-10
17	1.7E-05	1.999940491E-10
16	1.6E-05	1.999940491E-10
15	1.5E-05	1.999940491E-10
14	1.4E-05	1.999940491E-10
13	1.3E-05	1.999940491E-10
12	1.2E-05	1.999940491E-10
11	1.1E-05	1.999940491E-10
10	1E-05	1.999940491E-10
9	9E-06	1.999940491E-10
8	8E-06	1.999940491E-10
7	7E-06	1.999940491E-10
6	6E-06	1.999940491E-10
5	5E-06	1.999940491E-10
4	4E-06	1.999940491E-10
3	3E-06	1.999940491E-10
2	2E-06	1.999940491E-10
1	1E-06	1.999940491E-10
0	0	1.999940491E-10
0	0	1.999940491E-10
1	1E-06	1.999940491E-10
2	2E-06	1.999940491E-10
3	3E-06	1.999940491E-10
4	4E-06	1.999940491E-10
5	5E-06	1.999940491E-10
6	6E-06	1.999940491E-10
7	7E-06	1.999940491E-10
8	8E-06	1.999940491E-10
9	9E-06	1.999940491E-10
10	1E-05	1.999940491E-10
11	1.1E-05	1.999940491E-10
12	1.2E-05	1.999940491E-10
13	1.3E-05	1.999940491E-10
14	1.4E-05	1.999940491E-10
15	1.5E-05	1.999940491E-10
16	1.6E-05	1.999940491E-10
17	1.7E-05	1.999940491E-10
18	1.8E-05	1.999940491E-10
19	1.9E-05	1.999940491E-10
20	2E-05	1.999940491E-10
21	2.1E-05	1.999940491E-10
22	2.2E-05	1.999940491E-10
23	2.3E-05	1.999940491E-10
24	2.4E-05	1.999940491E-10
25	2.5E-05	1.999940491E-10
26	2.6E-05	1.999940491E-10
27	2.7E-05	1.999940491E-10
28	2.8E-05	1.999940491E-10
29	2.9E-05	1.999940491E-10
30	3E-05	1.999940491E-10
31	3.1E-05	1.999940491E-10
32	3.2E-05	1.999940491E-10
33	3.3E-05	1.999940491E-10
34	3.4E-05	1.999940491E-10
35	3.5E-05	1.999940491E-10
36	3.6E-05	1.999940491E-10
37	3.7E-05	1.999940491E-10
38	3.8E-05	1.999940491E-10
39	3.9E-05	1.999940491E-10
40	4E-05	1.999940491E-10
41	4.1E-05	1.999940491E-10
42	4.2E-05	1.999940491E-10
43	4.3E-05	1.999940491E-10
44	4.4E-05	1.999940491E-10
45	4.5E-05	1.999940491E-10
46	4.6E-05	1.999940491E-10
47	4.7E-05	1.999940491E-10
48	4.8E-05	1.999940491E-10
49	4.9E-05	1.999940491E-10
50	5E-05	1.999940491E-10
50	5E-05	1.850709447E-10
49	4.9E-05	1.847718645E-10
48	4.8E-05	1.885865769E-10
47	4.7E-05	1.958070373E-10
46	4.6E-05	1.999940491E-10
45	4.5E-05	1.999940491E-10
44	4.4E-05	1.999940491E-10
43	4.3E-05	1.999940491E-10
42	4.2E-05	1.999940491E-10
41	4.1E-05	1.999940491E-10
40	4E-05	1.999940491E-10
39	3.9E-05	1.999940491E-10
38	3.8E-05	1.999940491E-10
37	3.7E-05	1.999940491E-10
36	3.6E-05	1.999940491E-10
35	3.5E-05	1.999940491E-10
34	3.4E-05	1.999940491E-10
33	3.3E-05	1.999940491E-10
32	3.2E-05	1.999940491E-10
31	3.1E-05	1.999940491E-10
30	3E-05	1.999940491E-10
29	2.9E-05	1.999940491E-10
28	2.8E-05	1.999940491E-10
27	2.7E-05	1.999940491E-10
26	2.6E-05	1.999940491E-10
25	2.5E-05	1.999940491E-10
24	2.4E-05	1.999940491E-10
23	2.3E-05	1.999940491E-10
22	2.2E-05	1.999940491E-10
21	2.1E-05	1.999940491E-10
20	2E-05	1.999940491E-10
19	1.9E-05	1.999940491E-10
18	1.8E-05	1.999940491E-10
17	1.7E-05	1.999940491E-10
16	1.6E-05	1.999940491E-10
15	1.5E-05	1.999940491E-10
14	1.4E-05	1.999940491E-10
13	1.3E-05	1.999940491E-10
12	1.2E-05	1.999940491E-10
11	1.1E-05	1.999940491E-10
10	1E-05	1.999940491E-10
9	9E-06	1.999940491E-10
8	8E-06	1.999940491E-10
7	7E-06	1.999940491E-10
6	6E-06	1.999940491E-10
5	5E-06	1.999940491E-10
4	4E-06	1.999940491E-10
3	3E-06	1.999940491E-10
2	2E-06	1.999940491E-10
1	1E-06	1.999940491E-10
0	0	1.999940491E-10
0	0	1.999940491E-10
1	1E-06	1.999940491E-10
2	2E-06	1.999940491E-10
3	3E-06	1.999940491E-10
4	4E-06	1.999940491E-10
5	5E-06	1.999940491E-10
6	6E-06	1.999940491E-10
7	7E-06	1.999940491E-10
8	8E-06	1.999940491E-10
9	9E-06	1.999940491E-10
10	1E-05	1.999940491E-10
11	1.1E-05	1.999940491E-10
12	1.2E-05	1.999940491E-10
13	1.3E-05	1.999940491E-10
14	1.4E-05	1.999940491E-10
15	1.5E-05	1.999940491E-10
16	1.6E-05	1.999940491E-10
17	1.7E-05	1.999940491E-10
18	1.8E-05	1.999940491E-10
19	1.9E-05	1.999940491E-10
20	2E-05	1.999940491E-10
21	2.1E-05	1.999940491E-10
22	2.2E-05	1.999940491E-10
23	2.3E-05	1.999940491E-10
24	2.4E-05	1.999940491E-10
25	2.5E-05	1.999940491E-10
26	2.6E-05	1.999940491E-10
27	2.7E-05	1.999940491E-10
28	2.8E-05	1.999940491E-10
29	2.9E-05	1.999940491E-10
30	3E-05	1.999940491E-10
31	3.1E-05	1.999940491E-10
32	3.2E-05	1.999940491E-10
33	3.3E-05	1.999940491E-10
34	3.4E-05	1.999940491E-10
35	3.5E-05	1.999940491E-10
36	3.6E-05	1.999940491E-10
37	3.7E-05	1.999940491E-10
38	3.8E-05	1.999940491E-10
39	3.9E-05	1.999940491E-10
40	4E-05	1.999940491E-10
41	4.1E-05	1.999940491E-10
42	4.2E-05	1.999940491E-10
43	4.3E-05	1.999940491E-10
44	4.4E-05	1.999940491E-10
45	4.5E-05	1.999940491E-10
46	4.6E-05	1.999940491E-10
47	4.7E-05	1.999940491E-10
48	4.8E-05	1.999940491E-10
49	4.9E-05	1.999940491E-10
50	5E-05	1.999940491E-10
